# Battisti Matilde, Tarasi Luigi
# MaGiC
# ML-CUP25 v1
# 20/01/2026
1,0.9294992838281321,-0.4057737051204184,7.959180823093001,-8.880451895165674
2,-0.12607883638544537,-0.5725680028443512,-28.00729274639537,27.180700049849516
3,1.0650121660916494,-0.7737641409835926,-3.6419891873581136,3.5437732405849984
4,0.10319675857820752,-0.26875856471638804,-19.824452454798024,19.390474096107393
5,-0.0856917090660747,-0.453775787901456,-24.20691138231242,23.484143818424553
6,0.7309320679498434,-0.19930620459278175,7.476515659627758,-8.300856251894714
7,0.030879604685765408,-0.4893857850399598,-29.35968698835346,28.624395635674126
8,0.8781770378017647,-0.26197383870987256,9.189592805217949,-10.20585939542289
9,2.317388408427728,-1.278211637514407,18.30971199278902,-20.377912277899743
10,0.4692489584953745,-0.033141731604776986,5.9081619199964885,-6.584013874218498
11,1.0776442313984642,-0.26544203183939935,14.776350620619272,-16.53508099213938
12,2.151126307148139,-1.0741054755205972,17.48922057117284,-19.355899330102762
13,1.3178207077075181,-0.5916367027096092,12.654393687713592,-14.143412993748663
14,1.6986990231429733,-1.0430247775718384,8.5606158360727,-9.395356643662554
15,-0.23171954049727142,-0.20183778127829993,-6.641938620978831,6.209551066501616
16,1.9074204343040366,-0.945605544893565,15.927870676704787,-17.67495873150387
17,-0.34525633207109374,-0.5178651050457727,-20.631529242201896,19.73691075503652
18,1.700683214320717,-0.9783580153407989,9.704499676450297,-10.654247064821565
19,0.08204801128756657,-0.11409232636860046,-12.847903770435154,12.526105543357376
20,1.4177101134212142,-0.5672394587153793,14.882798369661838,-16.602481733846144
21,0.17906406811644243,-0.3019344586730809,-25.244004548543447,24.71901092465692
22,0.9380329191191102,-0.42408559903853127,7.67499558109875,-8.557986723162655
23,1.9630451392222417,-0.9846069456490012,15.535479490514575,-17.186533127446616
24,-0.008284416481004676,-0.3179437589954568,-19.39835765945767,18.864201031633854
25,1.6129577441066376,-0.7041737811122122,17.67353139142343,-19.818866541039654
26,-0.014368433769033864,-0.4961236726186903,-29.410742117910967,28.60987807080887
27,2.067747994186809,-1.2830696355767557,14.24322957174284,-15.930550923835431
28,0.4930260528746552,-0.11965048024522897,5.3496945780504666,-6.01178525635603
29,2.0076890820853257,-1.0805103864616363,17.512255334851716,-19.59696029655125
30,-0.3278513457809762,-0.6547878130710525,-27.823495783248017,26.78129244389641
31,1.964668321450455,-0.984195725344216,16.388010484542583,-18.19216529770843
32,0.3203659045908067,-0.3396053874539695,-29.84244102126878,29.371106608293232
33,-0.048472488251297435,-0.05198486142898477,-8.309251050996274,7.920731128560215
34,-0.040713472195899894,-0.4822341674638264,-26.82198836242297,26.082249466846754
35,0.0873494877421708,-0.46194346986218215,-30.16561499353873,29.451407240653168
36,2.8869918331591427,-1.7591601324773316,19.07268810703743,-21.147736861801526
37,1.103251952562289,-0.40755256211236585,9.258236714503772,-10.171705747292563
38,0.14860410045589503,-0.41648453449028944,-29.154760340002582,28.531720147128116
39,-0.11735431813083319,-0.509201123131624,-25.25717053060119,24.498806256490898
40,0.15324704302018016,-0.275677071298589,-22.61183206590069,22.136997930141
41,-0.2298339782110431,-0.46856987594714095,-22.30087940531163,21.45591566796467
42,2.7665307164257507,-1.654994535540492,18.35130706178786,-20.31896113127547
43,3.128710783552898,-1.853487688891332,19.445083835288283,-21.376661119179598
44,-0.20585216505453882,-0.5356539882291674,-25.025303417808296,24.168557667311386
45,0.015319683215857284,-0.2889179625714597,-19.569255501076444,19.03192248406383
46,-0.024262783401347424,-0.5420584671651009,-30.792075595704354,29.96402513726888
47,2.3625476498262334,-1.4422558806734005,15.155633105819316,-16.814270804057966
48,0.1013393776052872,-0.40552666091305295,-27.778722927775757,27.132187020591928
49,1.442853603608307,-0.5440583797255373,14.888968790477177,-16.541099211568426
50,-0.17253748375615394,-0.3984351054729724,-18.73318395381727,18.062058947372254
51,-0.029634021637558544,-0.4017889132922912,-23.28603057689809,22.634944960742764
52,-0.13912201406671212,-0.6272511937159498,-31.475121104089638,30.531228600999366
53,2.1435709776481002,-1.0565158826584837,18.793881234227822,-20.885196266883852
54,0.15962076669132294,-0.36618398380394623,-26.49525718823035,25.95445068393154
55,0.772569508672163,-0.1998543083566609,9.100837826222254,-10.163743538773145
56,-0.1713284760316334,-0.5372209961547225,-25.48837045844749,24.666282338861212
57,-0.0021324454482009453,-0.4936413345071974,-28.76670347166358,28.01150987069551
58,1.8648386005726085,-0.9264182142571877,16.27986449241264,-18.125004551561027
59,0.35651325421992186,-0.25053863754402483,-27.779673438193406,27.359567253239693
60,-0.12367254197184854,-0.49778888575614755,-25.29378086179912,24.51116885577657
61,-0.09744071596997353,-0.43730325235278655,-16.460149524450085,15.832947051782222
62,1.2015240303610515,-0.3967391212247811,14.616819969365515,-16.355250559479213
63,3.1837699693336448,-1.9519055019287688,21.004850040827776,-23.282461707687197
64,2.667598383892414,-1.5141006596370976,18.837188177197262,-20.835672445373397
65,1.425214966873969,-0.5545465047275384,15.413780879627657,-17.201958138288866
66,2.9007403193922237,-1.815989747797341,18.543230978235652,-20.58215988482068
67,-0.4169470476072691,-0.7210043031348331,-27.617980520602867,26.519522765610734
68,2.759690483258014,-1.6748119511720712,18.901188732042463,-21.007259366420698
69,-0.3949610825169285,-0.5949248176707682,-22.714741777788817,21.733401552890207
70,1.1617324678371517,-0.3764655618357741,14.576918967698605,-16.336171388850023
71,1.5945437550798998,-0.8012196552441764,13.990062087001185,-15.624940656751479
72,0.3032680499434698,0.12282583986717187,4.241017473149615,-4.711082127717965
73,-0.08995638041178367,-0.17189193095688582,-9.589818571130746,9.21164165193653
74,3.661542645264492,-2.344442017873619,21.694746279181565,-23.971856178898047
75,0.3968691867105647,-0.2246759165810085,-28.086764662082555,27.686999762947725
76,0.0003734868121293075,-0.04245612296433397,-7.06174636445291,6.795752354518253
77,2.0219663554555574,-1.0426441624153966,16.340813659619094,-18.1372193262168
78,0.006588134145916795,-0.2838545119044763,-18.59374399345858,18.081504341255553
79,-0.17071230784444585,-0.2798446370184799,-12.91613290498473,12.380513074864185
80,2.527702278840552,-1.4825481152821693,18.588236320262215,-20.696230163730974
81,3.15915874928918,-1.968086778489175,19.62894742527216,-21.712811047973354
82,0.30141303053426116,-0.3136909488979061,-27.554679740877436,27.128949912866638
83,1.8289215668057899,-0.8951166318111348,14.723796362475202,-16.291192910070166
84,-0.20325335337672387,-0.4350296696082069,-19.727432844293997,19.00377922853099
85,2.135202638372776,-1.225945640521285,14.344129200723595,-15.872820266100499
86,0.8707215533396653,-0.22393073713859335,11.181792159142404,-12.519428980438798
87,-0.2784369005385273,-0.346157015697871,-12.542542246048601,11.929293414440028
88,0.27275879265378467,-0.3660743837685821,-29.432929471472562,28.93525041839008
89,2.182797106752384,-1.3023966504911186,12.521939963232223,-13.757402815475649
90,-0.4218415752362129,-0.7307453472428724,-28.10162312080124,26.984351086689948
91,2.3748746315796385,-1.2799440389215984,17.156504873663884,-18.934077380196353
92,0.019893214134497718,-0.09342656766574446,-10.284888607429178,9.95950978084244
93,1.2381689751718132,-0.5473649800721944,12.811456412043515,-14.38029125471303
94,-0.2365836026110836,-0.5727704765498257,-24.414587229495215,23.578889381734193
95,1.7785106153872579,-0.9222310208313222,14.44127909885032,-16.067293598980545
96,0.6893672708362387,-0.1807188001570848,7.979605542130135,-8.929043207215718
97,0.9196796581025732,-0.31608383738859164,9.404066270237944,-10.47687574027963
98,1.4219995062960546,-0.8529357117846684,7.099863527450322,-7.793398038843968
99,0.26080205371885123,0.245818072765509,2.5376096025890624,-2.7253825210591853
100,2.8546722570135254,-1.606977837223001,20.117996648072936,-22.215186970974404
101,0.32323793183836536,0.1056004623850202,5.770963528380733,-6.433878524227989
102,-0.26345787354258543,-0.367116559899468,-14.387443551076803,13.737009822127888
103,0.04855661801081928,-0.049940254822777655,-8.076443581673056,7.847954322689792
104,1.802252697935468,-1.141064442167594,9.104970003157037,-10.030181660819236
105,2.6851221759555584,-1.4943384898902592,19.45040551814942,-21.508130003407064
106,0.2088164451649762,-0.26587416746581016,-23.428685794220975,22.992664565564418
107,-0.18301887451146454,-0.5477890407456557,-24.7600623430933,23.964593677215127
108,0.0532121150713136,-0.27377083794997836,-20.10755434020881,19.58811909989908
109,0.2358564583206473,-0.25214484271350623,-22.931812939697615,22.54539523876363
110,0.18855774588070584,-0.32256253512959177,-25.59526075099851,25.09209164549181
111,-0.3043048237392352,-0.36472569506514746,-12.974979361455485,12.322277937731178
112,0.32042807045329047,-0.15714841156367892,-21.85511589845849,21.544179738940375
113,0.029536093221915742,-0.5395414821121794,-31.52242252706115,30.742462253924558
114,0.07405412978054485,-0.3731109196832731,-25.510546840029818,24.888459389887565
115,3.1175723602760477,-1.9657464189114235,19.833047999542554,-22.010311291886314
116,1.7000589501376817,-0.7982728366716335,13.205396237820171,-14.54190585278061
117,0.11364208896003324,-0.19268946267744558,-15.879627045933928,15.556783485156993
118,-0.37998400601943794,-0.7729288658418005,-31.328289955545156,30.176619480421387
119,-0.3056237114065993,-0.7222487737447916,-30.285798700100305,29.241415512189512
120,0.04691845493211418,-0.42398243341132147,-27.421772391464803,26.726926948857855
121,0.23575358806467653,-0.361606643703808,-28.350184371885632,27.838931826793605
122,-0.009902506218826143,-0.41307472340210727,-24.69112319101459,24.019525508073826
123,1.1688305733147917,-0.6810974759819004,6.525197624809647,-7.23189344811118
124,2.0680704413035103,-1.1416111270719875,17.934360352053634,-20.09654156765735
125,-0.16797398847279105,-0.5304133922692185,-27.57595262514096,26.65655488332835
126,2.034803529018401,-0.9880324558258036,17.342311021263455,-19.226399862134723
127,0.012386981737359123,-0.24670124808114707,-16.88744751044755,16.420549842158017
128,-0.24239763709763254,-0.6082658191722253,-26.167359531307945,25.282336050347382
129,0.7627835299594985,-0.20481763964859462,9.390321940601691,-10.527188701142466
130,2.5525812410825526,-1.4245736309184325,18.853859852819415,-20.892937426913324
131,0.36597426438286507,-0.0005719860140617622,4.599019677861347,-5.136668332191078
132,1.1349616636860103,-0.3152414560325056,15.051380634050089,-16.849062251556678
133,0.758451390540491,-0.17159615892257585,9.87557536139916,-11.060426653209326
134,-0.06964500847085071,-0.2353552898906433,-13.636420501268114,13.176538074777234
135,0.23211807612173682,0.172023311507918,5.05643423758283,-5.624713565318591
136,0.7652883490200956,-0.27655449715093133,7.163241358214436,-7.990486472904592
137,1.4687128700519594,-0.7286403825891503,11.906002272271527,-13.236482552303626
138,-0.39490074393106045,-0.5644422268586745,-21.47614046629204,20.517316224556165
139,-0.24596182189971952,-0.36726568639700446,-15.623064165735098,14.943937131332085
140,-0.10825375282313246,-0.3188704059713166,-17.702761489576066,17.090467604231097
141,-0.4185128332799619,-0.5091914413955474,-18.127784498218492,17.222878579458037
142,-0.134516131188266,-0.5516153299533283,-26.046640598030162,25.27273532500625
143,0.8911501842764094,-0.3441366235112313,8.810129694209285,-9.854664661177214
144,2.7046302409166882,-1.5685530403856474,17.19329891642254,-18.915140782787113
145,1.134390494655035,-0.36114165290408795,14.282940164673061,-16.00575232082461
146,0.9244319980972723,-0.3330952182267565,8.854297421118636,-9.843787318388276
147,0.14433793554565505,-0.27280608273309015,-21.613115012198364,21.166592799783384
148,0.04409795565882966,-0.2546790066086114,-19.088630666293348,18.580050682315512
149,-0.04522673320879084,-0.23369621112119937,-14.833549870866765,14.355536222253217
150,0.005130971895243176,-0.4427479756787728,-26.443295755091874,25.748516328491906
151,0.4533837527168403,-0.17509105725684543,-25.95961672404381,25.689802461988588
152,0.21471178144030184,-0.350512368898399,-27.514904326579902,26.99640393689857
153,-0.49177507947392307,-0.6193907816935974,-21.923100768115493,20.853631943113108
154,0.1669789617627578,0.31845988816698273,-0.02710515885625419,0.10379412715482396
155,0.1745005438354525,-0.355819821750456,-27.024655460984206,26.47149300731592
156,1.4639192867589181,-0.5352932219183729,15.927010214722706,-17.726616889509778
157,-0.4123976771951884,-0.767204663309931,-28.77791615649995,27.685224553670032
158,0.21225876429475896,0.0004547909292640373,-9.87301707075633,9.762660422689208
159,0.24149073399989526,-0.016454147242664197,-10.736600781403745,10.651482685346787
160,2.0284452603503427,-1.071889798312717,17.11432423795622,-19.084391149581997
161,1.0770424679792434,-0.3633474206328659,13.073139959330883,-14.659559794533012
162,0.4021750259369743,0.08601826914063504,-11.281296540164618,11.308580917867985
163,0.35440562129552877,0.08824343809709993,5.094697023684102,-5.613927369274181
164,-0.43074590071776986,-0.6934128228438656,-27.208572676295013,26.07645357099809
165,0.995810752681922,-0.41614176602829034,10.501649771998318,-11.80816205687751
166,1.6864026037671862,-0.8050073477202008,16.861130894112158,-18.895603201170175
167,3.200405461174012,-2.0768638910014143,18.800285956248473,-20.827509356804516
168,0.5407956591169294,-0.13876334703128818,-26.417050699674395,26.222665828738513
169,2.9140513034865796,-1.8340928007811241,18.012420099445038,-19.96082552694107
170,0.061026178234449016,-0.27926967917325585,-19.15195145501585,18.69433137593925
171,-0.0033041027165316428,-0.5036567515464072,-29.08161960527794,28.321414628822453
172,1.384662661821259,-0.587871662655174,12.880882468177921,-14.310605537510014
173,0.15134208943681637,-0.3987288037200771,-27.060839126829055,26.517581773747587
174,2.1066003805585676,-1.1986318042245174,15.066781064849177,-16.729898172602688
175,-0.3729772045955023,-0.6513772280182855,-24.86977587385725,23.887600658096208
176,3.110242412611476,-1.9739768810323501,17.726251623446405,-19.54010955918803
177,-0.09660062095603328,-0.3575678464175458,-19.862402627112374,19.21314799463131
178,0.09235532787586882,-0.09797723568937299,-10.867575946243933,10.63405407207469
179,-0.28808828130614916,-0.5926564110227001,-25.697059406012162,24.744616173921756
180,1.1261216945387478,-0.45936257951245885,11.189201147190504,-12.496648475947131
181,-0.37453621543002924,-0.6127288327739974,-22.72957304731593,21.799311960808442
182,0.31615666537010534,-0.2857190930514974,-27.817199761547514,27.37144399997687
183,1.1912033344624604,-0.4874911373427011,10.63260482491064,-11.785091222048857
184,2.4005044598014353,-1.3521871051378305,17.297584296423267,-19.166577546645552
185,-0.12598347317235553,-0.5975801727072663,-30.52983406327459,29.61646526603715
186,2.9855841194296575,-1.8554395184738806,18.010687648298195,-19.886861571924264
187,1.9027288831470996,-1.2290290848455747,10.171900395446894,-11.273347650251218
188,-0.1368161889135215,-0.2693758191153054,-12.866839665787138,12.374809629612292
189,0.20691696303251372,-0.40174095258740933,-31.415813774245475,30.76467102743837
190,-0.01071660464511097,-0.519484267389353,-29.47347641536964,28.70147080097807
191,-0.30192482707902535,-0.5425487889708628,-20.19815142196716,19.418478450809786
192,1.4721139825803329,-0.6963810311016205,14.240408799375404,-15.94756188605535
193,2.213603561462121,-1.2466078095862825,17.91105774287537,-20.009754409480795
194,2.1576199272506673,-1.2159446523727828,13.288641556117621,-14.5780481538242
195,2.194706001890954,-1.2770977898466656,13.455794164830579,-14.809351944092581
196,0.32450952053525084,-0.04991696624844823,-16.79676735968432,16.602989857737693
197,0.24321620057765053,0.2043069657864278,2.1329092472048226,-2.304803070637154
198,1.2051746044660467,-0.5980429227831113,9.110367370926904,-10.120744947726516
199,-0.6198014927186213,-0.7208197390922733,-21.895290551050444,20.739805259991318
200,1.5598508878543051,-0.7260133557794006,13.230171863294325,-14.669142467224217
201,0.04934246315915135,-0.3979578689088796,-26.063066641129915,25.404859532396365
202,1.5981626729029474,-0.6550429575415788,17.915396525095648,-20.056610907380065
203,0.25207631868102437,-0.018577950936198087,-11.679405711115551,11.570309133232257
204,2.806575156743666,-1.6319730662350296,18.569169408670785,-20.486962097801353
205,1.0557203523429608,-0.21281386202238972,14.219195828377178,-15.832826179128471
206,0.5486482511880089,-0.14357082040920033,4.884528739727148,-5.415939123668647
207,1.5704943839939267,-0.7443791677642823,12.59882981761241,-13.93306072595939
208,1.9498597563497784,-1.0546426320378761,12.74488630279764,-14.00319504550973
209,2.0728713231207228,-1.2052984524033403,14.936036332146445,-16.632806401726864
210,0.160076584743762,-0.025451630983007997,-9.644796877683516,9.492067739177413
211,0.3674701815088486,-0.16336976582292617,-24.858198650901638,24.491113453021786
212,-0.5692684503517382,-0.8471141653789137,-28.535294695162474,27.29730546917426
213,2.19848389769006,-1.1219163455259977,17.574788415160675,-19.457154189998505
214,0.3415224512347298,-0.19441280980553705,-5.734488131799128,5.6114730735668
215,-0.26672264785975686,-0.6889398481073759,-30.60696428284836,29.571718869048443
216,-0.014093015796758881,-0.3822749347304715,-23.67235147978481,23.006268661113932
217,0.47464685958704544,-0.09206607588424555,-23.230148077772164,23.02534652974064
218,1.3193702188185468,-0.8671651307910437,5.996995542455815,-6.655349923451585
219,1.0660612846094935,-0.46914751976456026,8.646858125434456,-9.588671446300651
220,2.873428006158797,-1.7433317830796113,19.582606433951998,-21.74793424847883
221,2.356442369854904,-1.313871481151891,18.401535143855757,-20.481232019016343
222,3.4321579316303947,-2.1376977951161638,21.429647401466852,-23.693237431028027
223,2.6536589349008617,-1.5439085112485438,19.545837323380013,-21.73605590521145
224,2.5567932688658654,-1.5887610958419554,13.387195113112108,-14.652196080770421
225,-0.005258083238352931,-0.1734339728034089,-12.557062079349306,12.17803732963678
226,0.08303998289291327,-0.3362921823254603,-21.190627444229698,20.738147594571448
227,-0.295784060684924,-0.33630436030329885,-12.239278462872331,11.601736028315182
228,2.0797975002074307,-1.0984969845767,16.39145596359412,-18.193582913427814
229,0.21835560608046808,-0.25744048434547895,-23.669138340798103,23.22770533828764
230,0.09352631621347002,-0.19081354427910568,-16.343587581534823,15.966094466320989
231,2.5589844346416917,-1.5062772084345002,17.471734307095623,-19.364337434202476
232,0.2112444920102477,-0.4052183410306386,-28.720703259951787,28.2028151427784
233,0.12388169541443089,-0.3319794480508724,-25.970342532038433,25.359463122447124
234,1.1057181637156428,-0.3739665167295028,13.47562510422315,-15.109781171610866
235,-0.07596763750402033,-0.08733498044234357,-6.851792620709749,6.544137934498507
236,0.8114574251581769,-0.23074414917268082,9.759487384138584,-10.931099735648493
237,0.04598258697037208,-0.24543472042460146,-17.290323924949952,16.856217184225805
238,-0.10856381148124267,-0.5760480493626067,-29.32618347638078,28.470846300001682
239,0.27886983292713513,-0.231883234852039,-22.09080655250796,21.787354037472394
240,1.3089332101335565,-0.8115339279614047,6.45133066013841,-7.129026930544655
241,0.471397361894877,-0.08124291958379566,3.791516161043689,-4.145029393411453
242,3.278606006020534,-1.996299070895967,21.238918455354852,-23.486782835028993
243,0.010900761415967998,-0.4488575746057176,-26.85914700558018,26.161270119898482
244,2.314854270221146,-1.379232252725763,14.91383767142059,-16.507161345362835
245,1.4334923514364035,-0.6615612298585327,11.858925504816618,-13.13618099192593
246,1.9310213060568555,-0.9602476648144487,18.12852914834369,-20.265326015610327
247,0.9637321133137462,-0.32328542333074145,9.688776528612147,-10.760987303591541
248,-0.033039350535376086,0.05580563143026267,-0.3514007224831805,0.17494009405222208
249,0.40927715355151495,0.006051138997809971,-16.407956765110484,16.30211336244541
250,2.4541007893661986,-1.3626586270186178,18.102247874199968,-20.056787742154768
251,-0.14210407019160454,-0.541893418796027,-24.97540890106648,24.227554731957568
252,0.23933337327580526,-0.37266008248023025,-29.765478857783975,29.20773661329617
253,-0.3208915682468585,-0.5533272065097047,-22.87855071027822,21.959270650196675
254,-0.29058121590023744,-0.7479458508736833,-31.887221881681175,30.822103713026898
255,0.06020408509270949,-0.25715279676585273,-19.973992723452998,19.453069182018737
256,0.03239539017104018,-0.3097494664543804,-20.992349140917646,20.44015774196417
257,1.2328442775547144,-0.7105675970517207,7.103003844590815,-7.865738874467578
258,0.21316772292672578,-0.3927214252026748,-29.7715304647983,29.194930525687113
259,-0.10920942327854366,-0.41887224941397305,-21.611012291252095,20.93072510686539
260,0.5182461783926372,0.059483539862656636,8.958787475405762,-9.991892199778132
261,2.038307285239814,-1.2428216357052742,12.466097458033834,-13.813324222486477
262,1.1185696901611735,-0.47136816878203713,9.110373084711984,-10.065189884364036
263,-0.34789302662137045,-0.5394637979208898,-20.37981155345833,19.516563987949976
264,1.705121117883564,-0.9605898192804831,10.67741652344885,-11.773723708063685
265,2.175613217881518,-1.305352302733867,12.764962883909138,-14.059330774431297
266,2.4479337783424118,-1.326704797494321,18.795721243812135,-20.835100832432964
267,-0.028648564615432123,-0.45188325631577253,-25.88637926796008,25.17428825187207
268,0.3713937221618435,-0.07004460698177557,-18.367294881962803,18.19777638130523
269,1.075984678635837,-0.1868274656003614,15.367689374553237,-17.12579070085676
270,0.32186986860373523,0.03481471623906434,-12.967823635118682,12.849806785946845
271,2.1980459523803013,-1.1657027903921533,17.673652522904835,-19.636671900928256
272,1.8300984586063824,-1.0024176936124145,14.169812557234724,-15.785940819430047
273,0.14494838473727817,-0.38248116962738704,-27.670478982428648,27.07140291160254
274,-0.2731768708206541,-0.3940520358498529,-16.055079548550832,15.343559809448166
275,1.1432744129631967,-0.5906699357810367,8.587699829354195,-9.580368132606491
276,-0.17331256483295177,-0.34400326648641094,-15.571168557320872,14.982103572283725
277,1.8214373549259981,-0.9704632342970139,15.951895700279746,-17.861279827848566
278,-0.4423780502361967,-0.7813775259597837,-29.813498887817957,28.642590631065644
279,-0.02118453975739501,-0.32873678132435924,-20.031076959959197,19.45997703164623
280,-0.14528264642826708,-0.4522316466371963,-21.179863244629825,20.499919910932856
281,2.446770382927925,-1.3175654723618635,18.89015527414753,-20.935547543214224
282,0.41316323750655837,-0.13847710294657306,-22.865202466596124,22.632528810954767
283,-0.3124906462353445,-0.6262990920731136,-25.108410356897313,24.18204050386152
284,2.699145215867299,-1.6234810972469988,18.824831413605576,-20.930746147977928
285,0.6057646876798701,-0.2891562539937208,2.1075556738864476,-2.2981074380405877
286,0.21742367219339231,-0.1649893557096097,-19.867776418794044,19.49492689368517
287,1.6602217350628423,-0.70826540501498,16.357096574535014,-18.199864889855125
288,0.1918809749008501,-0.3875402421548226,-28.530456154268204,27.97126934551014
289,-0.06522656659051845,-0.459220553511721,-24.433547711994613,23.738528878754927
290,-0.42023111253705336,-0.5858795592066666,-21.928304069558937,20.933163363743677
291,-0.2047975393419538,-0.4952291764661346,-23.347335512372837,22.52358328903126
292,1.7865246631801315,-0.9789207301974427,14.38495637269867,-16.069415041766533
293,1.2161855271317177,-0.5677955373608503,9.965431624280741,-11.073768709035095
294,-0.33947804887528177,-0.7961806644731907,-32.30088425747335,31.194180979058217
295,2.300087451448123,-1.1791493465276224,19.682341751931165,-21.886280377644557
296,0.33757487372506756,-0.2628714066427921,-25.627968832636924,25.28987268249432
297,2.048535268674106,-1.034454760363882,16.450652076390835,-18.217646081163632
298,2.757142103790314,-1.6974032743557723,19.002201069361668,-21.162349527764153
299,1.4724939710348903,-0.6481739908110749,13.87839766001833,-15.45057493813211
300,0.6984206640916281,-0.17664239518752933,7.412763191557774,-8.239787904738584
301,0.30528461497419224,-0.278426614538739,-28.05657807430912,27.574814728692502
302,0.018519278870817765,-0.3800384436721923,-22.668227403427267,22.096331599375375
303,1.369949410548884,-0.6233646723670767,12.945062436142834,-14.457738475767558
304,0.04404621844659077,-0.408683444613128,-25.450777654842387,24.824084805522947
305,1.2480305783650534,-0.6715948893246012,8.210824742449518,-9.099467263291361
306,0.17192645551993346,-0.29401707001218647,-6.199364704275524,5.9259963657264345
307,1.5234891062754885,-0.6413634746024512,13.393820851456523,-14.794900732020308
308,1.2720209445023498,-0.6177487851666834,11.5999917973389,-12.99838608673604
309,-0.08520648863977157,-0.5445467886612609,-28.48100543820079,27.665578228467847
310,-0.10928722756909631,-0.35504238645963415,-18.72187542775456,18.10186266123303
311,0.6005919652449656,-0.10770210095488848,-27.176369488229103,27.006361733069458
312,1.7997351878491445,-1.0984326077922864,9.504775527596415,-10.446434406915381
313,1.8139748053416924,-0.8395470638321166,17.365769887878898,-19.359336772904427
314,-0.3595556984747734,-0.7950162038014718,-32.70290594776252,31.545222631337808
315,0.13560849802947017,-0.17108765997592146,-16.600814623312072,16.255461484971757
316,0.13707211448029244,0.3124007698268576,2.15814317104617,-2.3577467702968185
317,-0.12023690386437078,-0.3699408053716128,-19.020239385906013,18.386114657723866
318,2.4920491817397172,-1.4977875337353446,17.873199261131667,-19.92280272487147
319,-0.21499612937035015,-0.49055650183688826,-20.928620686591533,20.193763282870854
320,1.403345089931175,-0.5642245958496788,12.83364815529656,-14.19460980632313
321,2.246385033179042,-1.337064182974205,14.265220235216319,-15.777945646453496
322,2.181778599401171,-1.4494687316041222,9.985458035488513,-10.966278029924387
323,1.3902091522717923,-0.6584285365087105,14.375274987888668,-16.170337029217592
324,-0.16669064094788263,-0.3531575776290328,-17.698618234453892,17.033305927615032
325,0.045126308585050894,-0.19042913789010862,-15.039040341413795,14.64479314223182
326,0.9751012409173783,-0.5041002568174227,5.984348131254498,-6.618247769154297
327,-0.22076586698690623,-0.5777472128184192,-25.680170266843874,24.817165320430263
328,0.3077295592932989,-0.29686850574738727,-26.759395884301334,26.361000000733892
329,0.2715289872026655,0.08816380761988493,3.8488497920514226,-4.258525370938338
330,1.423348068240483,-0.7462807740165012,10.605279247206528,-11.787457106624538
331,1.5736687044245556,-0.7736798932304292,14.448962347408855,-16.15865464767626
332,-0.01207806045339782,-0.12387048114552442,-7.460643785936517,7.247654294787855
333,2.540659539192431,-1.475789164639835,16.919280535885832,-18.693824630392378
334,2.63298136465098,-1.5700483388005706,17.346889829691033,-19.201227646380726
335,0.2873312446911813,0.26350006582821184,2.7300462326935655,-2.953082995870314
336,1.4114219855441503,-0.5454498527882136,15.151941965109925,-16.89902811870856
337,0.20246723993693636,-0.19538243081721557,-18.374195772492776,18.079743152370117
338,0.11985613490479206,-0.2777980301639324,-21.95018556623459,21.455604702085633
339,0.24645956344298137,0.1413942861015931,4.820460601942173,-5.3684146121925265
340,1.7266769697131317,-0.9106331237493588,14.765058762268199,-16.507904714116478
341,2.3191763078399763,-1.3033284577449293,18.57140959720317,-20.720473162390057
342,0.27540066133620633,0.1456034785468707,5.484466429785267,-6.106656764076093
343,0.12930495630729605,-0.10563475189714251,-12.644802582775808,12.396721522795355
344,0.1652165070826544,-0.18136449889625883,-16.47421740389428,16.192358146658815
345,-0.2959019995824067,-0.47761849949083635,-20.99376718291137,20.115040243587128
346,-0.4069218361193102,-0.5786009594448479,-20.17751396800437,19.27473624305754
347,1.5358056411746963,-0.9127929879468573,9.671894616486972,-10.75828760838986
348,0.34182216708841484,-0.19257306089176834,-23.218976061844423,22.918872241077437
349,0.28671659604694444,-0.09998664810922157,-17.032224621384483,16.82437412507563
350,-0.15665569807348478,-0.4254100787772621,-19.699310442724364,19.039088812448295
351,0.23739372377282786,-0.009554614523569857,-11.370626308528832,11.242576492602716
352,-0.29658863941598723,-0.6265076971420531,-28.508868874276683,27.45288745490824
353,1.9201936277909897,-1.2119496116936734,9.043416732933283,-9.889279123799035
354,1.5477738689356915,-0.758086845341522,12.759043368717366,-14.174413646629022
355,2.950647547411048,-1.8150820956211067,18.35143984332174,-20.282749379412344
356,0.2500537504252578,-0.21179274486008504,-21.993115769470595,21.62668834662287
357,-0.09734914496295174,-0.46261277039412285,-23.840232555325095,23.12575636656206
358,2.6164841824187484,-1.4839116448582257,18.33557240407056,-20.272528675653106
359,1.3062517054936436,-0.5029665890375787,11.829093217351026,-13.058181905265291
360,0.7134316694508873,-0.10920328165029546,10.033338354743375,-11.223064271698048
361,0.33751919595973856,-0.3424098201237135,-29.335393357232586,28.917070194520264
362,-0.3546461419372501,-0.3299219666447344,-9.424168047319057,8.815561664180988
363,-0.36084517795069637,-0.7404826533004801,-30.436330222474414,29.31905024737066
364,0.3816098755836499,-0.14253687213818067,-22.10761142284471,21.8645874264494
365,-0.40801107521423985,-0.5547514725550405,-21.579848890544692,20.58502024842626
366,0.5238005510729093,0.0754874530175411,9.348673723171384,-10.422554662113507
367,-0.24486725455248312,-0.6479840262580441,-29.098715963102748,28.120675470278588
368,1.0119768720012376,-0.3392722793834241,11.770045360772974,-13.17684248295467
369,1.6861572081667335,-0.9073381063454414,14.102174937517766,-15.776902938978886
370,0.6909010689106336,-0.16404494817011972,5.409501143803664,-5.862874387174582
371,0.0453869075935346,-0.464162946375389,-28.040411084139322,27.35974998460033
372,1.9026282997760808,-1.0486107885603688,12.269324027816076,-13.499501074145291
373,1.2343137236934114,-0.537593467012945,9.267269342622157,-10.179254129348069
374,0.29184280188827305,-0.29235446293119977,-8.991376476870123,8.665816389822846
375,1.676112033821853,-0.742905944724471,13.671576970424024,-15.049254795362279
376,1.78040422714846,-0.8403702987911748,16.53947681068689,-18.43093015235577
377,0.29344209038471125,-0.15869697397048882,-20.925372746142166,20.61626486016971
378,2.7370770925894092,-1.6267477573561764,17.8207237261787,-19.693376916927605
379,-0.26831231921106113,-0.3273210556309265,-12.810674752167364,12.180091430525643
380,0.1767815238240162,-0.06428237928961265,-12.5594253971852,12.343433799231311
381,0.3706080164366007,-0.14088294874045493,-21.572034594451242,21.33433386197188
382,2.8855991801651677,-1.7836222655292173,18.117743126334467,-20.05464254705507
383,1.0780759599505811,-0.4696672524005686,8.713431862703704,-9.651011834588685
384,2.032282941763561,-0.9879675333257094,17.655516416786575,-19.600423174258946
385,-0.2697293743810101,-0.5862545858398382,-24.358733238106876,23.488758956165025
386,0.7157438267023477,-0.1860035322561076,7.940490665926017,-8.852594876907892
387,0.040427938233234324,-0.14185240884799166,-11.168814438687093,10.88923104102187
388,-0.40755301769045915,-0.8285996541697912,-32.57309312694402,31.38364887605008
389,1.1831602968384363,-0.4615617070775617,12.766472360152578,-14.28422609248546
390,0.9441605826550934,-0.29563114787903255,10.777758165330761,-12.03805504163082
391,1.7488104641008795,-0.9583616777144153,12.265512292765234,-13.586899592541766
392,-0.10082513429612655,-0.60031220664265,-30.463193630741262,29.59523530343443
393,-0.24115131284124727,-0.5488132858964919,-24.659100132406962,23.77846911451209
394,0.015706390907467817,-0.4406519977063591,-26.18817761497846,25.519207799064535
395,0.13731102171158666,-0.3900478968068574,-28.082165789965984,27.460840237779145
396,-0.13246851940523965,-0.4205639124451186,-20.38483867754824,19.725852880756698
397,2.226103874349356,-1.1002080231768134,18.990874493326835,-21.062228124430682
398,2.2544687095923455,-1.3692802771570713,14.96326834690718,-16.637757641199165
399,0.1504261418348427,-0.35720369215751163,-26.454273161006185,25.890958630814055
400,0.4191886088861362,-0.22544391340009262,-27.667077980299787,27.322160741363714
401,-0.2760361061013378,-0.504994336840545,-21.048231967893095,20.228561347528096
402,-0.008779883542098264,-0.5046592278435398,-29.464648097222017,28.679570685035458
403,-0.3954429481200038,-0.6046590076517706,-22.12596018042516,21.181488967885382
404,1.3514484661572959,-0.6457909345970809,10.77525569432312,-11.949023219975405
405,1.9284585294572916,-0.9618240444159463,17.20218358286977,-19.175361761215626
406,1.1623018540081544,-0.3954413098945265,13.436575539327404,-15.01319212747552
407,1.9101900348530456,-1.2181389607065283,10.336064497964083,-11.441496155836878
408,1.5270595512448621,-0.9214762588231808,6.805279177278254,-7.391893763036891
409,1.997812513792245,-1.0663787892870598,14.623884814131383,-16.174171604484883
410,-0.32607858786053034,-0.6458397618383102,-27.23294967766851,26.210425807874554
411,0.2947084312561652,-0.17872141848045525,-22.495139625498553,22.13888242541304
412,0.22044121447989176,-0.11605174874380898,-15.35651466559968,15.139156576321314
413,1.709082619129476,-0.8986204551182098,12.399571207424543,-13.717692586350944
414,0.469119905349653,0.12302339997901637,6.230882700708809,-6.9099904696483465
415,-0.20429840931178614,-0.45221464939149314,-19.464545127383733,18.770346421367194
416,-0.10663547613871016,-0.3265947281800359,-17.376274072972418,16.789962399777032
417,0.01447444151870407,-0.5618508590596729,-31.34575779527234,30.575117221564888
418,0.3273945929106392,0.08173789380096896,3.9025787598659756,-4.282774551324429
419,0.12206004746298578,-0.4127364779014966,-27.078757261726278,26.504491222653975
420,1.4583692608907377,-0.8012634939504835,10.895361494003911,-12.1584039565803
421,0.13452547247506108,-0.34593122889398975,-23.561129499372502,23.092032551538182
422,1.5226986015990196,-1.1212434126932382,-1.2552399269765782,1.1251471713448764
423,-0.03964599154167245,0.13324362453628297,-0.9612633584255443,0.8427403755752118
424,-0.0876860275473029,-0.5759668395242098,-31.237626704744752,30.327880111884
425,1.5279902787135582,-0.686662811102986,13.817011775061273,-15.353181665462206
426,2.3168210452407574,-1.2593243840333421,17.542341974799935,-19.444218530957084
427,1.988751236503509,-0.9547374429628175,18.319982567678213,-20.40161070236042
428,-0.25320478056290574,-0.38415823715019487,-14.545020715621627,13.922418586532046
429,1.2278463789241767,-0.5438330217643421,11.390169214537819,-12.708669633914752
430,3.3609559208931223,-2.185372310943916,17.844462159484014,-19.621094983016622
431,-0.15855087143840552,-0.6051490688260283,-28.392597927996164,27.533967928591323
432,0.29505714318021486,-0.20224428034014436,-23.037067565591336,22.682883149023155
433,-0.2583828536988788,-0.6538492944099735,-29.910388415068315,28.880815496749594
434,0.09539832405851921,-0.21208008891064373,-17.47005741315722,17.06791293822831
435,0.14092557481454338,-0.12240297972758603,-14.842102421813236,14.530887103327272
436,1.9966485168207515,-1.0760902075050458,14.622696176229594,-16.1881642557761
437,2.1801134516203002,-1.1107582789224404,17.723651379545668,-19.64369629198244
438,2.026844568339216,-1.0936032903903667,14.616073575591672,-16.16199913950361
439,2.001025277800853,-0.9261208144159245,18.15599500751678,-20.149615760942122
440,-0.167090414365577,-0.39149178653742495,-18.25637204432487,17.607728639905073
441,-0.23413157079181265,-0.42306564049666995,-17.62689922520844,16.937213739201464
442,0.9237367819771628,-0.27431439885821435,10.405194240032179,-11.596318433122493
443,0.49478955743304465,-0.006519319627307993,-19.815534755230694,19.702358587537063
444,2.1582792927734222,-1.133517704709455,17.408666250063426,-19.33443543137529
445,2.5704785652994806,-1.4297534418605455,19.045265081076085,-21.10114615481259
446,-0.271776095876192,-0.4173519617942597,-17.197021265545413,16.461672785347545
447,0.11357359942213224,-0.33908370212268507,-23.017420047337804,22.53267754773142
448,0.1366808555417206,-0.40616328472259855,-27.813497522914915,27.221348035565747
449,0.14702714957947235,-0.0805231554302412,-12.505767830915852,12.263771094357452
450,-0.26818783142093316,-0.5875671914175786,-24.772809289074484,23.887867510168917
451,-0.1903093594847465,-0.5121223462355068,-24.006506955945095,23.194222346398252
452,0.5976391289417224,-0.1170227679263902,5.821882406681931,-6.417327911834813
453,0.1231420460866488,-0.23749578742172267,-19.248298526191512,18.836920943638166
454,0.0038712042821323414,-0.14919022866351195,-11.902952768360478,11.540976448619249
455,1.8656494355448447,-0.8183190014233821,17.260549326599847,-19.131070890760387
456,0.31925903690362456,-0.18361967153077446,-21.300836583045122,21.04275524046869
457,0.3558810248390969,-0.44716335338339086,-0.31371509065779196,-0.045074506536429554
458,2.0944971144655993,-1.1235289309364582,18.009948568841665,-20.12266011733034
459,-0.01933105850032897,-0.37668759972768945,-22.757789960909236,22.118906820671175
460,-0.12584229685343581,-0.30071597127961974,-15.943703778821808,15.363731349069226
461,2.2659043089779245,-1.3167247064807834,16.192085073574717,-18.00076263490811
462,3.04630162303816,-1.9448228724927161,18.28156683015024,-20.247072207596382
463,-0.3834035524745628,-0.5596628091218273,-21.488282693765104,20.5415630703073
464,0.3165564936946973,-0.1978714781245497,-22.938059784567283,22.617128866799167
465,-0.04386723184254365,-0.376174109879533,-21.72580976634111,21.09494155387255
466,0.11570034417988029,-0.24281429856779407,-19.013012669692,18.606623892363707
467,0.25422845738317457,0.04039595403086235,-9.559298019918211,9.484379802124566
468,-0.2990797569979946,-0.5892351876171477,-24.491148734979383,23.572575505772694
469,1.9215286412147494,-0.973984405740691,16.743138475362247,-18.65941206690084
470,1.0151718894039379,-0.3930383169101546,9.466477101462733,-10.52325077335867
471,-0.45059467951808496,-0.7442139684284242,-27.381031342233374,26.266577086310694
472,1.627905667810092,-0.7209066480993529,14.499402644792498,-16.066253449817765
473,-0.34268336330922977,-0.8129254301593222,-33.44128069638852,32.29632037313496
474,2.182287859201606,-1.1465139429030677,17.231651164895606,-19.10914178195779
475,0.264484778427855,-0.35863291442405953,-28.98975019094396,28.491013814896572
476,2.8784452900478796,-1.7562373055517702,19.36714410616622,-21.504139120130137
477,0.05885187393405014,-0.22851629550346547,-16.397836273804398,16.00562493722477
478,1.0562570709097054,-0.2952804222584612,13.824043123812269,-15.481253130496288
479,0.3653646249706419,-0.04057328442888884,-16.853720279427467,16.71083221949443
480,0.16169349811201805,-0.3234023490757505,-25.0283511153206,24.509904151538795
481,-0.09728107140580408,-0.3777081027437369,-19.51689692628727,18.904715619190128
482,1.3860585473765699,-0.613566437349623,14.54701709266217,-16.315970673767225
483,0.6024777071403578,-0.10619192414781782,7.818394531783284,-8.75694307314505
484,1.7884869563494845,-0.8671603222052681,15.101486055018581,-16.756167364758447
485,0.2895096315292681,-0.34802357275159845,-29.73371890263299,29.228454350408903
486,-0.005817863174432815,-0.590293815861754,-33.08906845894061,32.239044517819025
487,0.269068397810741,-0.3375609093414711,-29.05561061878156,28.537589595501842
488,-0.12699400095630337,-0.5921575080373647,-30.55382969406789,29.63175317248378
489,-0.04387740231564986,-0.3176858567165213,-19.567706260974806,18.96990466842768
490,-0.07591901966559661,-0.27358804373435625,-14.591406639523475,14.12082264851232
491,2.404456372864101,-1.3023780135810223,18.741874885406247,-20.799052457072126
492,-0.2062933757533469,-0.4282541678798347,-18.850993766943578,18.154919679300495
493,1.7949696770533958,-1.0225154127316138,14.782717192489685,-16.589571566758597
494,0.10197630400753613,-0.36871813113233054,-25.666812940716795,25.07638545937811
495,3.062637004052319,-1.888655731870439,18.658807898378047,-20.590573481414214
496,0.8974871088796893,-0.37351675075513474,6.38600307428676,-7.019474388106261
497,0.6503671402678943,-0.023528935622788377,10.224511656716516,-11.418051374491164
498,-0.06804204349622839,-0.25661809770857935,-15.54542927485804,15.024868062108348
499,0.32728655863556,-0.3095625969597847,-29.652991200782242,29.167656631180343
500,-0.2381531293033449,-0.43683332592915547,-18.680389460191773,17.951810778094362
501,0.2529042951824455,-0.28374924698540505,-26.422880516733635,25.9394670694769
502,-0.12381342830237643,-0.49096927288264003,-24.599303620508753,23.840476547424274
503,0.9111494161884454,-0.5378045171319442,0.17805716595465917,-0.2768325696020342
504,2.052497286671179,-1.1438683485466,14.177946893614314,-15.678185965313913
505,2.808714464022473,-1.7306577869002486,19.31931195698553,-21.51090916891294
506,0.10121842763108915,-0.36458900529839094,-24.52747055231651,23.983097750643623
507,0.12728314063120155,-0.38034301230307116,-27.473090444884132,26.852993473648933
508,0.0690451557791506,-0.5416541532490657,-32.467712324891586,31.70887285539694
509,0.04786308797322282,-0.2915612376186225,-19.907417344745642,19.408526296218
510,1.3411105485159325,-0.5204717566958481,15.02871186949074,-16.818283109805126
511,0.35938667871486707,-0.1721435912184331,-22.383808350357665,22.126425407186083
512,-0.21833844212767958,-0.3031252996108267,-13.873366671680555,13.245641738499854
513,-0.012131447622572941,-0.6133043768421246,-33.73598003659769,32.87226511409431
514,0.3198429530791663,-0.3477700097425275,1.7042729415998803,-2.1540033579568734
515,0.21040393954250272,-0.2747577934010384,-22.97399381380633,22.571029911383413
516,0.21674382460298539,0.04523870735102988,-9.418732588469503,9.28620817173278
517,1.7738113637949773,-0.8409022484026065,16.655148911043028,-18.57793197313821
518,0.24436625670654824,-0.0674394786090133,-14.754376083748745,14.547712046007065
519,-0.058420991950102016,-0.587321231884311,-31.084129698200247,30.239763974629426
520,0.02652982823928353,-0.4271328913359139,-26.93279070453014,26.231819221409605
521,1.2330287224036367,-0.5687321918520425,9.593746538939163,-10.611352961024087
522,1.7790577447774043,-0.8993628185259385,13.655379992586038,-15.10445810548964
523,-0.2744909832586835,-0.5317800836385114,-22.658014287572215,21.79733568983607
524,2.035410012992574,-1.1068919226141656,17.423312855688902,-19.489490005134794
525,1.9380191435669443,-0.9792204169495105,17.648800887042682,-19.71466360269345
526,0.43311022339655225,-0.02025888376655939,5.201485447352205,-5.781389920595937
527,-0.12293420840804087,-0.3797768392864145,-19.299645848961777,18.659540130519815
528,0.022723053473317937,-0.36848528661125,-23.322595479342034,22.71464161093828
529,1.5905522166128976,-0.6698091100110066,17.862561325333655,-20.025858700054844
530,-0.04323698455847823,-0.1899303302681829,-12.270631773594564,11.863616795569847
531,1.374135553442923,-0.6676626039889603,11.008035609891493,-12.222951725730407
532,0.4093897710000346,-0.10714249948511899,-21.39798840407231,21.191288848062413
533,0.34135575937949447,-0.4992139183662747,-9.100365309662394,8.64608975911159
534,-0.5328778171372159,-0.5458958963902101,-15.654751199542435,14.724393652953085
535,-0.019379787847899746,-0.2661295307094481,-16.29858596700404,15.83043436155927
536,1.0488111570419452,-0.4784830668534604,8.543327327787775,-9.504025568111265
537,0.4721765380391606,-0.061147244903914336,5.420645357617413,-6.0427254002082105
538,2.7318553521825493,-1.627889702730778,19.701627924207752,-21.927526461235587
539,1.6160651441998015,-0.7574586564453843,15.41982780247986,-17.223708405181704
540,1.4372180116468085,-0.5802671830012193,14.402116782260604,-16.024424411729502
541,-0.33180310870308627,-0.4440784125414492,-14.531417075022535,13.853234546239905
542,0.22049533497967408,-0.26203610557455,-25.258967074571693,24.753663868696336
543,0.8654323697701234,-0.2921458783300171,6.941339375176258,-7.607082808320183
544,-0.24530451473518314,-0.49590698585384274,-20.790902209011485,20.02087591912987
545,0.1418330777891559,-0.29855111736719014,-22.984635409199466,22.500454284308486
546,2.2227996189726946,-1.3392891028289333,14.546174841189808,-16.147125097301686
547,1.1700785605065525,-0.3246007457182522,15.643194806990124,-17.512280299775153
548,2.8910319861466345,-1.7789660001925571,16.962737064133815,-18.673946744815012
549,-0.028035839540853882,-0.225104865688116,-13.143574844453491,12.75976539900804
550,-0.16105201557298376,-0.24365322154511898,-10.239002173069467,9.800002032949068
551,2.085423780054854,-1.1477114326618703,17.647848594966387,-19.741460542891474
552,-0.10521423462927379,-0.2647825907619092,-13.300375755814457,12.83292153457793
553,1.7352841548164972,-0.8726941861067931,13.0857363806808,-14.455339755131389
554,-0.2718155933371007,-0.5771988248137385,-25.569769891063952,24.631356023733588
555,0.2141353583588964,-0.3741442680493027,-28.369543836433486,27.837563853367907
556,0.3801632548636873,-0.025037631196464155,3.726327201528417,-4.118640215331137
557,-0.06326258117307888,-0.36954050560738333,-20.35196691708591,19.745893010119826
558,-0.20832440633898044,-0.18769971289057197,-7.071428919314562,6.640344736049666
559,-0.0036239642792674776,-0.4615384402000088,-25.197516967563825,24.566642211504615
560,0.5630656709360659,-0.03501641496087672,8.242414877738366,-9.214130816364516
561,-0.22351195311593494,-0.35180783110236846,-15.434097251395082,14.781464008468063
562,0.4992934164159635,-0.106280274874768,-26.345665248298776,26.053478456837603
563,0.07167081952399372,-0.41312403259288966,-26.272293187718418,25.65636106975833
564,1.0220635897833676,-0.33752659601858415,10.338667536020013,-11.4666770544086
565,-0.1697527174904619,-0.5324003594385133,-25.68898370977703,24.85486645643451
566,-0.11039894542955772,-0.6038330985043165,-30.83568824321488,29.939732296131645
567,1.2332751253806427,-0.601300879718847,10.044745126287882,-11.190595383912491
568,2.5520636895628264,-1.4902440676572575,18.09253604606683,-20.085935738034234
569,-0.010970948420472262,-0.3015349188360976,-9.953547794855456,9.516626615762217
570,1.2906102792987182,-0.7151853217695461,8.784788388383554,-9.779337011445593
571,1.560975512676714,-0.6917005255140247,17.289645295698993,-19.42129395010918
572,2.508262300036769,-1.639040183832178,13.487464074993222,-14.91121080033468
573,1.5282050704675465,-0.763488376655101,14.944293004622669,-16.79510435556739
574,1.855066624348783,-0.9756326064624552,14.326962035226437,-15.898316410934482
575,0.08078327589374314,-0.5205776651419217,-31.53505627227854,30.81354269893017
576,1.2413293963743908,-0.6312591880190349,8.641086395085434,-9.560969148591246
577,1.9096383821359852,-0.9073351999007082,15.543320825518427,-17.162741116023433
578,0.12350396121849928,-0.1732077403526835,-16.568161391714916,16.20772706344707
579,1.9932958025615828,-0.998959566456471,17.714124219542697,-19.74095666359134
580,1.848014719233383,-0.9760022771711636,12.3858615249206,-13.61261397536402
581,2.6437963732473895,-1.5880544003066286,17.539141138523764,-19.438690308047605
582,-0.04686073036745152,-0.522182121124525,-29.972493384171514,29.124272410291045
583,2.1024451802229076,-1.1605046712734044,14.14683375011238,-15.593613700759636
584,2.7613755494095122,-1.6936830161923726,18.2735344414579,-20.289042702017944
585,0.5896094097557881,-0.15125286329515786,6.1943443395462365,-6.917826678615465
586,0.12529364403460913,-0.3010728704256869,-22.482043081636427,21.997673935158357
587,0.06501937771648894,-0.06013504918387495,-5.696305007104948,5.492226023644057
588,2.192359230724158,-1.3326890407869099,15.00557120613886,-16.724700257635288
589,0.2269418780233609,0.20276849309458297,1.5571036604165884,-1.6601252171345293
590,0.051681899123630484,-0.43214186022290224,-27.640607538025655,26.952336268091774
591,-0.02422651972355168,0.23557041656476102,0.2989802302255452,-0.4204353834336006
592,0.783961452429919,-0.19229898857899563,9.922369483509772,-11.108653797414089
593,-0.2741273697536505,-0.5840984466750512,-24.255904057030865,23.38133142308824
594,-0.265256944378914,-0.42493693935907184,-16.650698421644925,15.958841742650675
595,1.7521872161622791,-0.9278979412125488,14.33869805330225,-15.991533577547775
596,-0.38157455639358084,-0.7458963348470569,-30.333019642340968,29.194053423920533
597,0.1704041619571187,-0.3202671083050511,-25.416228681023345,24.890264900545873
598,-0.17796443729220474,-0.28666444088525306,-12.465497237303945,11.946631322478979
599,1.1541931984034133,-0.37044720891494204,14.52682306662919,-16.27915751156342
600,1.2559577888694273,-0.4227370945701122,14.136964282425053,-15.746661921065684
601,-0.02089547737814698,-0.4628585986174911,-26.40635644010071,25.694947753230892
602,0.3274038326482285,-0.22124899337359022,-23.835531631661436,23.516751441678963
603,-0.2365919874863209,-0.28307308033544976,-10.731182909450137,10.195554274316304
604,1.8444668600293508,-1.0749991120704194,10.112460902576062,-11.068316270992453
605,1.6218777749613233,-0.7109972453885604,15.644761556507468,-17.41578250610933
606,1.6402358600214544,-0.9626281754514774,8.22565432518186,-8.968831783126722
607,1.7798459622953833,-0.7996569865168034,17.776024574900816,-19.836953024728604
608,-0.1271613080673944,-0.6262616080554323,-31.572762038423427,30.642027484782002
609,0.9907925732404168,-0.4263206687287626,6.957531124087929,-7.637086652927517
610,0.31972730324216925,-0.009865387597682893,-13.567165853302667,13.468264358873743
611,1.632758812231283,-0.8162429352161407,12.242519043282835,-13.524325004942929
612,0.4720780468342958,0.30450380734837423,2.4751223105510727,-2.541669056271209
613,0.8895918526116442,-0.048586800349527656,14.679452285987015,-16.38213806676008
614,-0.3265790367644804,-0.5306156600996411,-21.833439831534882,20.92753532453411
615,2.7489669991705887,-1.698707916224331,18.824396343199215,-20.9655244292246
616,1.5479238509241673,-0.8060335349350773,10.806594927219997,-11.932306161068555
617,0.2517492113646612,0.16342266457803273,2.7016172610720686,-2.9755459266392355
618,1.1677651866015804,-0.6901055080251746,6.177653608003472,-6.835017346410708
619,0.08161027729212723,0.084749406517788,-3.6223230018537445,3.526065083344104
620,3.093384661249214,-1.926449209294689,19.526929500474765,-21.627117253422487
621,0.9687001232060853,-0.3907388823943995,1.9626180786926295,-2.0836769078541413
622,1.2708479118940197,-0.6916609180493913,9.444035177623629,-10.554149414962929
623,1.1158245833967062,-0.3406535279873385,14.257459961919455,-15.973130410378657
624,1.289923452980756,-0.5341560068902201,14.242782521587202,-15.980965533584312
625,1.8541426573930937,-1.0301440937118995,13.239926718605096,-14.690798393354454
626,-0.19091395228226446,-0.6486936502225819,-31.43721396911006,30.43793179800889
627,3.0259429746390496,-1.8363488352110096,20.949614210539547,-23.278950587976375
628,1.2031075726423175,-0.4304630578294546,13.850229841239045,-15.493829927288086
629,2.768570451470344,-1.6946730715739486,18.9313632614468,-21.058373981027547
630,1.6806127775544626,-0.8822653411226671,14.749362254340056,-16.514963385953337
631,2.5456732796186015,-1.424809817804687,19.367441423898327,-21.51069137640082
632,0.9058082390402018,-0.300049986743574,10.503739496450551,-11.774892374494117
633,0.13016657735643397,-0.006582509442255913,2.0600773513548325,-2.4119941606722435
634,3.211692810068588,-1.9256698777956527,20.8979415841157,-23.079020428163002
635,0.3026022147709704,-0.30506492272590746,-28.382451418447648,27.911318881120245
636,2.30875153005678,-1.2395961171077885,17.50362084659472,-19.382024459369045
637,2.850902838914187,-1.7065264817033166,18.70035332529686,-20.684333652022012
638,0.10176247109501739,-0.15007076046106754,-15.160959204670974,14.804798622799716
639,2.035565271506013,-1.3120363299787712,10.540794016280616,-11.637541594797696
640,0.0034583645036532704,-0.2801410289419713,-18.120380596306486,17.620650033509797
641,2.3620506467689193,-1.3731255536076294,14.608540069378893,-16.069989812398383
642,0.29715903250967546,-0.3347621402347426,-29.200486428400865,28.71668129265955
643,0.11556736596257919,-0.3783621998581328,-26.963294367175376,26.345867595170922
644,-0.2548063178717902,-0.3517150528220842,-15.40900142085811,14.708474826712203
645,1.926401326355871,-1.101426286119528,14.68077387570466,-16.392983458624375
646,2.1548645224103,-1.346960946868252,11.900466950134637,-13.125120783871074
647,2.0717905586737784,-1.1409143793129544,13.841833948019397,-15.248850654422458
648,1.7725242538094814,-0.8734013800452685,15.5874940822878,-17.362721694227822
649,2.1781672824582365,-1.3092754619927753,12.88578801599941,-14.204168676489349
650,2.117122896183604,-1.4769717929527486,8.884517766379203,-9.795080682144478
651,0.7832862036681139,-0.11505724697265589,11.359465940465865,-12.70041856330278
652,0.320891404741641,-0.0550647270224036,-16.454553656717188,16.276418271407092
653,2.2365451352157026,-1.259513126748069,18.72097548858234,-20.953381409988538
654,1.513866052172315,-0.6760846158800563,13.387588436705911,-14.850379013592802
655,-0.1981889749410274,-0.40343324019290805,-18.45680649392472,17.763710383257386
656,1.4965907905608742,-0.6650736031342244,13.321500728103102,-14.78128249676872
657,-0.43244993385331076,-0.5676382566619139,-21.500526909599806,20.485438781142328
658,1.6279318195919439,-0.7078202052184147,16.787769639530257,-18.754807287788243
659,-0.1891669926631712,-0.7019051017650118,-33.138699193173885,32.12396687380885
660,0.1707115524241553,-0.14789803184410638,-15.60336364609694,15.33246559477048
661,1.3948516369275004,-0.681698714851214,10.961734670533762,-12.158461715028908
662,-0.03717874464803696,0.013674413400487445,-3.9246813779806966,3.7408376023426393
663,0.05211743849299359,-0.3680499462440705,-23.474673336819244,22.90527695855238
664,0.014443676991774658,-0.288958504087774,-19.356552596652573,18.827572169327635
665,-0.646890630981156,-0.8732383574709787,-28.93070060984183,27.582430672405962
666,1.0279641305788516,-0.5528935624385246,6.312257893970625,-6.999720439129495
667,3.441230906414765,-2.1260907282938937,21.75271783608716,-24.046054689904086
668,-0.2924058079097924,-0.6602221347702999,-29.809182502745205,28.738109397981084
669,2.5526060027488024,-1.5731526598764694,15.120915961670958,-16.6870591875512
670,2.806686512839049,-1.7038415429694065,18.903597612702583,-20.984087634357685
671,0.047667546166219016,-0.23821952100653682,-18.736554332746596,18.23125290670021
672,1.6882431275940777,-0.9100217048100723,12.394426520247439,-13.757481652589647
673,2.586625353704154,-1.5955448620531203,18.17280748235647,-20.280512765147428
674,2.254375071501007,-1.1603083187836718,19.001049435602603,-21.11892338997616
675,1.7983008670084608,-0.9804835989765093,17.129408956877334,-19.301460377093242
676,1.6488535112716416,-0.89999940310901,11.61499456888861,-12.87747597849484
677,2.5681922037744993,-1.5368789803173144,18.400597212811473,-20.493311606309756
678,0.863104643672928,-0.14813359592287673,11.389081683345246,-12.6683037028354
679,0.6731872333450346,-0.09184925464301004,9.510805246246312,-10.63781510156153
680,2.309673876610153,-1.203392289554866,18.13034646522738,-20.07090257872106
681,-0.09178758103340334,-0.5751744610744479,-30.311887332737697,29.43696323487021
682,0.6357919767944551,-0.08108703374977831,8.932638538898646,-9.992009556097482
683,2.453903589732732,-1.3321976711089067,19.740477259070857,-21.95198072095881
684,0.5286674622168969,-0.140214720204886,-26.79652374393112,26.56752614963872
685,0.22354018073074974,0.5121864348810831,2.2975147243777347,-2.2820592362061705
686,0.2867968845141394,-0.3164724546047693,-28.1545378880716,27.681759050930804
687,0.47411860157963404,-0.173391440204692,-26.870105803229112,26.589396853098588
688,1.7424198230980996,-1.003473886606132,11.635365107000778,-12.914380893377254
689,2.469172934129719,-1.4047263759374842,17.383225472084195,-19.244187214467548
690,-0.03280290474131614,-0.33506751886853986,-20.32940533366884,19.733612839973606
691,1.3867690630615235,-0.7233261033083523,9.14846085206043,-10.083808370245332
692,2.1108613623918537,-1.0835440262588831,16.706844357513685,-18.501188373078918
693,1.0860764103159686,-0.3054912022318675,14.256946585300865,-15.965248813499741
694,1.1682896926436155,-0.612710695109819,7.087104849982254,-7.8006569091170075
695,-0.12209856111493841,-0.4343378857021536,-22.67756129387702,21.945811431910453
696,1.2198700598652448,-0.5940368587848418,8.58469147298872,-9.472234589475834
697,0.20657142038882922,-0.44037428334669315,-32.50564542399188,31.84738177697432
698,-0.30714757296956785,-0.523354375268823,-20.33307233396447,19.51772943798194
699,-0.29021377809229953,-0.2996666545824605,-12.704640163613721,12.013853878932862
700,1.2718384120335537,-0.5363125860795465,14.065840901292946,-15.800512635115572
701,0.09342739667434871,-0.2583223772479061,-18.920931293707838,18.501167907298964
702,1.1168229611924239,-0.8154117359673043,-1.9643016458288631,1.9032609986660194
703,-0.04422148896849536,-0.27532601517794786,-17.158391832104066,16.622516393473692
704,-0.03248273311002882,-0.47215182861088645,-25.52030127381662,24.841431222293057
705,-0.2312861321187997,-0.5941268094482675,-28.94612770889141,27.93631653025049
706,1.4506984622571921,-0.8320455073540113,7.7343894118611605,-8.473515496664932
707,-0.42219642561215254,-0.5390842911433809,-17.985413532014956,17.11449894202782
708,0.19236757079621067,-0.4109150061861152,-29.177247262756488,28.615413103994936
709,1.5150313768144903,-0.7287554758530804,14.669645155386833,-16.43987394950162
710,2.6982522292421955,-1.5563928660285318,18.337300090473743,-20.260379621907664
711,2.6408585983822377,-1.525083227551561,18.849922067892866,-20.904441791657977
712,1.4053810744597415,-0.6691144886529429,11.829516343775216,-13.15220260678129
713,-0.1271214451558098,-0.5835566221890354,-29.70315684099553,28.810009856129653
714,0.32899354258435365,0.059789643434915433,5.097364318129958,-5.693606660230234
715,1.933351478439884,-0.9319102403449833,16.854313131498223,-18.71453753871192
716,-0.3045587387750859,-0.6467429824668196,-25.674161454027242,24.757210404872165
717,2.6544641698652165,-1.5457564289803647,18.007603086478696,-19.91781327544669
718,1.9995369591097596,-1.0242067302788664,16.01576774170189,-17.75863161278236
719,-0.14656742544207288,-0.6039056299872657,-30.394265102979087,29.461919981150754
720,2.0158946340650776,-1.032544642966725,17.23512606996055,-19.18955791573422
721,2.9455663391334994,-1.8741987668053526,19.044978139976877,-21.194070758818537
722,0.29262946397418915,0.39024731988720457,0.8989413283943717,-0.7794363076683833
723,0.12063486903522823,-0.24139709689684669,-18.943408636488428,18.546324718476345
724,0.40200443957928744,0.03630172819741232,2.5457677159199195,-2.787408526413911
725,1.8189616366882464,-0.8216835937694809,17.967355685431095,-20.038616224260707
726,0.07825244560965287,-0.10751085620926175,-10.72206683146169,10.483725666215053
727,0.15458904676335095,-0.28948851172143797,-22.471011396494585,22.02005590469306
728,2.6044205023203566,-1.5186625859036726,17.41252077650791,-19.246950158851902
729,0.5152438950031994,-0.016068936760448363,-19.885958241046357,19.812190107402433
730,0.1807805847294385,0.020086464909429544,-8.584297221827416,8.461501282705266
731,1.4441873250228718,-0.6273858478804109,12.334742829652033,-13.635456223039162
732,0.09817798916379844,-0.45396477771859955,-30.217321831354997,29.50881198870126
733,0.0030219115282354644,-0.5074387632028016,-29.22418247327575,28.471592517765572
734,-0.11081600132228805,-0.5778907873017606,-29.272320229843487,28.417963253393033
735,0.15681297373105635,-0.3450593571697352,-27.387744074822184,26.778428734541322
736,-0.11189770149056832,-0.5590010543592948,-29.57511277630595,28.68426241961155
737,1.8366846229922775,-1.009894506076773,13.712714153566637,-15.24637530883449
738,-0.03822893630466419,-0.5449363047169479,-29.177412903786323,28.404189398236678
739,-0.01642460579659749,-0.13975676134256543,-10.109298772490655,9.786692114261259
740,2.375090516129154,-1.2927722941839552,17.600951631202797,-19.4776889402846
741,-0.13637046030108876,-0.5916252733841132,-30.282172209308477,29.357201632161257
742,0.23679221802535627,-0.2885518924950316,-25.853058632370036,25.375722925945638
743,0.19507642404064313,-0.26322584123961595,-22.146926166001705,21.744788469748396
744,-0.3077798871265178,-0.5593167464377181,-22.79786322759775,21.909422500764443
745,1.3673973049097816,-0.7198852820964855,10.117047605451972,-11.252416669237803
746,0.07649538916503766,-0.386945207454934,-25.027724745788426,24.44681995055991
747,1.2945147258620464,-0.5748271116119014,13.863970225840706,-15.58381369407709
748,-0.2892558559926426,-0.6407294478256322,-28.406902232675463,27.38285563846564
749,0.647583124825237,-0.2571856545002851,4.108434679316664,-4.517319377677237
750,3.297820398458823,-2.112353110742673,17.831174236236116,-19.592210243285216
751,-0.10620462912972228,-0.5195251393788017,-25.922042434135193,25.162354256404363
752,0.7377095686759819,-0.0720994583803591,10.681090637147657,-11.902204362154334
753,-0.23364734392343653,-0.5643831952500614,-24.312418476433702,23.47662419764694
754,-0.19648987038683463,-0.6511547783360929,-30.404431485696417,29.446158023716762
755,0.0033663896896076115,-0.5308261550642375,-31.94523259703147,31.09541611360303
756,0.12982380352818668,0.061546825874161104,-4.27040247236659,4.218047196912175
757,1.7044251967550876,-0.8118358177988791,15.776151475305156,-17.59602205228413
758,-0.4682517345051288,-0.6467808746819752,-22.58731760421412,21.554898319321847
759,-0.2585672665232591,-0.4783076276448367,-19.341687400477987,18.597267533944155
760,0.5700076150958472,-0.13928364742551497,5.171681534059918,-5.719082334569035
761,2.6861189195446373,-1.7060937048289861,14.068542473374066,-15.43958412138021
762,1.5254290115855713,-0.6426832137185485,17.409951845779684,-19.545018847409633
763,0.7316581072896138,-0.17405080384741672,9.285755190242256,-10.404397169464342
764,-0.052937978246589815,-0.3298617921082477,-18.621359758699224,18.065999277369002
765,-0.3853288612356712,-0.6297625720867489,-23.805086431671555,22.827978346190374
766,1.589801155369798,-0.788671707603143,12.273416692288789,-13.583196140426182
767,0.7210225015510525,-0.2218553105003312,7.936290229367876,-8.890804643031984
768,1.2230060575942034,-0.6584348341593783,-7.193707918724721,7.184967210882944
769,0.2250442779907462,-0.29667151290718624,-25.896964309296695,25.408299914507836
770,3.455455555434514,-2.27325104013612,20.139105503278298,-22.325036045900113
771,0.15441096634608667,0.035630528295440014,-6.847785187608608,6.745460475450312
772,2.6311310097427407,-1.5359647371908989,19.70673898727844,-21.947321002960923
773,0.03534683143107456,-0.2697780643253918,-19.489503373988555,18.965808648975095
774,0.2550153722397267,0.0674771302958645,-8.327469666048785,8.279681466105707
775,1.6752685835234937,-0.7651292519812082,17.606469460326853,-19.736811179741565
776,0.28385464466387633,-0.3017788903928801,-26.88362571513935,26.447712775053116
777,0.44827207669689795,0.27819431707576153,5.437170498173037,-5.959443163412496
778,-0.14414499551101637,-0.5965158626413639,-28.772573553021346,27.909571505652405
779,0.20311800747499564,0.024184292577679456,-9.057033041748324,8.943094890831418
780,0.03443461092370294,-0.425956315859616,-26.243258186414668,25.58470812086948
781,2.266680067583922,-1.2762131354355983,13.849908019078082,-15.171590879007868
782,0.16631746769423006,-0.2819485716820281,-22.17778077182051,21.750112040482094
783,-0.12147390386584186,-0.5147809595304899,-26.527468275824386,25.711079729138888
784,0.5091110032351414,-0.04315716912914931,5.695469684022507,-6.28966800085002
785,2.5717413357321837,-1.4709717439435486,18.698400706944764,-20.747313554270807
786,2.2070106576629334,-1.153568683811309,16.369612838539954,-18.064052256014193
787,2.3933609454285945,-1.3317278996901192,17.3128305507701,-19.165870272548414
788,0.22411709057156337,-0.20305336835201654,-20.775338341315386,20.41403291417705
789,0.8467752991494696,-0.3109995831026335,7.370394008814804,-8.167949414029955
790,1.194445628238702,-0.5571972905889586,9.925621579132368,-11.04271523409194
791,0.9898543937910291,-0.30881372837870724,10.969939100687926,-12.218823264719386
792,-0.01072137425510196,-0.19606539822808755,-14.633144415104272,14.176314269136514
793,-0.47735838875322867,-0.8479320557350413,-32.278451521236796,31.014783572694533
794,2.085143665282413,-1.1662204404559948,18.100127799852803,-20.303081461778866
795,0.3027097919721474,-0.3242892571764704,-29.353518040647533,28.859772366993152
796,-0.4621466434854129,-0.6675388875162356,-24.302921204123486,23.225099979436123
797,0.36634311420504806,-0.1387289944144463,-21.248348839141194,21.01630843813268
798,-0.2610183256790255,-0.6501569002512372,-30.438675904382475,29.376837067886303
799,2.8183692734958243,-1.7276227337581227,18.406801312187664,-20.413348196568645
800,2.0177299750426867,-1.13377247811142,15.04968436361929,-16.744785774684306
801,1.1165587774312407,-0.51579530711993,10.643169473962374,-11.944178795324474
802,-0.25194086116631964,-0.7320734317592826,-32.26050219701524,31.221151658491948
803,2.192017589553883,-1.4422096839040874,9.614975075471415,-10.503118445638446
804,0.029263261174779086,-0.05312424896913619,-7.205607062721725,6.9901146205715525
805,1.8362389077002532,-0.9399047436568173,17.061965069036486,-19.11011961769436
806,1.2579496621267858,-0.6223544063246633,8.970952901939716,-9.914875086676298
807,0.09820713055863342,0.00394598133333221,-6.121659561142359,5.999758547091133
808,0.14137703516246777,-0.3122948063784672,-24.60031888196395,24.05721520136912
809,0.1959196642844081,-0.3679785215049496,-27.82181492592604,27.27940943650187
810,0.24187691460013197,-0.3568020763929671,-28.913324295909543,28.380677471696455
811,2.836959861266632,-1.6777298277476438,19.77110510540754,-21.930185263871568
812,2.5035445602988693,-1.441604593931912,17.94776367956691,-19.915128805613584
813,1.9303374742458825,-0.9025968105952688,17.023393145632852,-18.877393797142396
814,0.12345499998764,-0.2972236875158058,-22.18701140737416,21.708905680456574
815,2.4220353916419333,-1.5160833495567991,14.201961213347063,-15.705607538840393
816,0.27862524317113624,-0.2658845949981263,-26.127223645342923,25.677593641752104
817,0.7195509040713752,-0.15890436605068403,9.299980067402569,-10.417082243206762
818,1.7300780325389316,-1.0132020750218065,10.990311311264339,-12.182670685614706
819,-0.16389533892668828,-0.33650397690125344,-6.88976188932817,6.3492059004029375
820,2.3931680622537703,-1.2990174110636266,17.87313578365192,-19.78270754002344
821,0.8751984939008591,-0.2649748258769919,10.415572751498757,-11.664671367670271
822,1.9329706262637183,-1.2519632078617524,9.46147219417502,-10.422194545862759
823,2.034129130582498,-1.093890778267918,17.89271641773539,-20.02822482720747
824,2.837769798511963,-1.6927124803637057,19.14346894747702,-21.207738932129335
825,-0.16586735851552045,-0.28758413331406896,-12.791853413252678,12.278078205076635
826,0.00796062478529027,-0.38559678725649577,-23.52290567384726,22.901802680907466
827,0.20773609226848683,-0.15926514885335497,-18.728029126242472,18.3855147442476
828,-0.42416093228226703,-0.6357275467030151,-21.75396322122644,20.816095359634215
829,0.14750720407876522,-0.2801042976416035,-22.827799527432628,22.339092805674
830,1.6697056930795657,-0.874452278652126,13.458305806689605,-14.992181237960002
831,2.741379590802905,-1.599481903811828,18.7419260501193,-20.73843451454801
832,3.0308292529792213,-1.847299434007468,18.38861137662642,-20.257839245223238
833,0.6742924600582401,0.02772651006787706,11.263242912423031,-12.540198700595496
834,1.39766852530015,-0.6300997192776421,13.61284552792338,-15.2176745165022
835,-0.4659159165903599,-0.738338266258927,-27.872290466905465,26.704989257670185
836,-0.20742699057241168,-0.39176883678808133,-18.806883239241515,18.070431778869995
837,0.17764416477621928,0.0015705234374066984,-9.771252593882853,9.61016056683248
838,1.485160053144145,-0.662339824344632,12.471877101769635,-13.788640868168345
839,-0.13550407844047505,-0.4859567546172261,-24.530174281123085,23.750633422280824
840,0.6337769794926712,-0.2472933828007317,4.99352111831379,-5.570077543160415
841,1.3107369943301226,-0.483083832301034,14.421848427379073,-16.09084332763131
842,-0.12876938147105826,-0.33119028469239997,-17.587626935304083,16.962206240462475
843,0.9724851568103334,-0.37886435409179087,10.538074565134853,-11.831817872664297
844,2.307236157329024,-1.2944515371519445,16.540842716036263,-18.322831475290165
845,0.31873295229051757,0.12567313887088458,5.9999576697923604,-6.682812026465239
846,1.7071751703607316,-1.1741816785382497,5.865857923580201,-6.380927849968466
847,2.1791089119442133,-1.2843431292528582,13.845803524552638,-15.303240047354452
848,2.1391624857145266,-1.1539283544439818,14.746609355974444,-16.24142385833548
849,2.2392441098813487,-1.3188800032042367,15.277594130567438,-16.960039270034432
850,1.5999781252301088,-0.8478068872879979,10.535054746948267,-11.595863116693023
851,0.5815128090563545,-0.1621674438824235,-28.617855522511004,28.41305861187735
852,0.03546855492920319,-0.40738791548426034,-24.548843300039664,23.948331008548372
853,0.30763376555156485,0.10475975619134745,5.224357590947739,-5.810715780525904
854,-0.4258220576549304,-0.7113627492475959,-27.100264770505543,26.000752198410982
855,2.331594774237888,-1.3805860532473007,15.121162625862453,-16.730442117395402
856,3.001632747048521,-1.9215257785165454,17.83640849327933,-19.75126517587084
857,-0.29239925955696777,-0.5031566394825389,-21.221420504943662,20.36623950392823
858,-0.33002719810004655,-0.5287289600779075,-18.773435560862335,17.99925816790314
859,0.22911492278965045,-0.22234907127895415,-20.78100254054613,20.4487320119408
860,2.351906954210311,-1.259648011406124,19.253879176001888,-21.41931437568776
861,2.2899703096852315,-1.2536649634378103,17.99430472620374,-20.009206328743332
862,-0.24967780980120138,-0.6313556958706941,-27.504978318782193,26.573416193941856
863,0.11465945393699761,-0.21224850195806466,-16.887340369595407,16.54201148728742
864,-0.07859129113971586,-0.4963021138533482,-26.086663335925522,25.33681223601104
865,0.26167566104152373,-0.33442126375919184,-29.023179497366815,28.49157996028642
866,1.0303464178777553,-0.5395421094739901,6.507480378960345,-7.208378754481704
867,-0.10470854295065524,-0.5156466520770968,-27.277828795268494,26.454479560657703
868,0.5489236921950791,-0.12305562071074481,-27.08516618671823,26.855609324325833
869,1.4080257179617162,-0.7402388227561146,9.890412228927106,-10.955106019795542
870,3.4503918321661375,-2.091500328058997,21.65726668482583,-23.871130942743502
871,-0.22877625241396468,-0.4317031440529866,-19.58933679542941,18.828355700141305
872,-0.3801036043505853,-0.5881805511101932,-22.429226272024927,21.476600052081462
873,1.3480448340214042,-0.5539719672875456,14.889921053958204,-16.691584836018766
874,2.2400058075328357,-1.1649920285247104,16.890868400512314,-18.64974897610556
875,-0.2430393248949778,-0.7412796970410248,-32.895876166492044,31.851784394514347
876,1.6153371922349737,-0.7990377667171836,12.02540469415389,-13.268013338211313
877,1.554113910886578,-0.7215668133123198,13.354982635045449,-14.818691151779293
878,2.48993670982753,-1.4961081308519295,14.777401244513408,-16.261161762611444
879,1.8218775430867362,-1.0191607053311145,12.005629901514066,-13.261165211692552
880,1.4675852936700586,-0.7030490399289037,13.817521816247524,-15.463189894065412
881,1.968739199571937,-0.8808583821395357,18.197061696059734,-20.180258449607482
882,2.1834697160618504,-1.33744117350755,14.46987483718533,-16.11039133999246
883,0.3224257730632628,-0.18958827646758125,-22.6353325445768,22.32813177579112
884,-0.2556681547092914,-0.5959999913538323,-25.350047613965394,24.467805935506757
885,1.0918006962465305,-0.6313379060247559,4.055670349299253,-4.4301168543189124
886,1.4477894302605865,-0.687107319076254,12.00198452237768,-13.321145118863242
887,1.3025126484953027,-0.492068873467017,13.722396297799106,-15.287852028041318
888,1.064464532946505,-0.5755808617784427,6.8234181583834435,-7.584404326570962
889,1.2567671796267075,-0.7609473819201682,5.847148022435669,-6.417196393914488
890,1.220399544168813,-0.6933199674555487,6.5291328730537925,-7.180225299861787
891,0.3415904113459588,-0.27411313690063754,-6.137653631479609,5.956441313818793
892,1.2320908322164834,-0.62894229372748,10.35485535435631,-11.598241489326504
893,2.7992524787135658,-1.8222312515812782,17.28424334161893,-19.24649602188284
894,1.5456607118618448,-0.7161781381276817,13.954033453944465,-15.531803042308088
895,-0.12462059644796025,-0.2432595372956507,-11.658602133497732,11.211541442490807
896,1.171338258147825,-0.5603509855987203,10.637393573539095,-11.922176350496393
897,2.3088537268698803,-1.2533330438961807,17.0347142899822,-18.84660091250887
898,-0.011846613864531785,-0.2503497858191504,-15.547692879459682,15.107918574715757
899,1.9219627492758604,-1.231374380056821,9.063613063509608,-9.938122907938041
900,0.9968901342743102,-0.400799164348873,10.32280537803401,-11.57334835980393
901,1.757404525983928,-1.0188147994995314,10.558573792360226,-11.640863842957097
902,0.13490979471847975,-0.4076830783012119,-28.174014167312706,27.56438497092796
903,1.3900944220051676,-0.7141598137072641,10.649452686101275,-11.841745391706509
904,2.117860663582411,-1.0830802971590907,17.42421868880554,-19.339183835123315
905,-0.012975462604175494,-0.45714013294735434,-24.475878150477318,23.858317519375227
906,0.6907585990294539,-0.1308554845355855,8.679812526352247,-9.684857235045389
907,2.2695123503577745,-1.2598606228011913,17.22869034345775,-19.14146342699674
908,0.1985429405434858,-0.18966395211232145,-20.488801895075778,20.085641359965397
909,-0.16267174353653646,-0.661009588303839,-31.405059757665533,30.46510881545927
910,0.8687475300650147,-0.27412527996530384,10.358315958846037,-11.619089700073982
911,0.383279128124291,0.12598015027640586,7.349669401153628,-8.186928500544527
912,0.4894134130169522,-0.04922236407865145,5.437322797181497,-6.020981298868582
913,-0.33427448506054236,-0.41959886535106317,-14.95567810492665,14.227080931826935
914,1.5307873638883713,-0.792712681387606,14.122521295207008,-15.860614164749002
915,-0.11895020266416179,-0.4262119278360239,-16.885063224620858,16.29951676959234
916,-0.14576147078352317,-0.31094822999396715,-14.206687491292397,13.68598669057243
917,0.5370697756811782,0.13971022744625072,10.728969653004082,-11.945635989064616
918,-0.20048946413650523,-0.35502767564942805,-16.845685786116853,16.168412497135815
919,3.1470841984031646,-1.9372771181409312,20.368457849909657,-22.5612946999531
920,0.0620483241133366,-0.4008007860465842,-26.07314295754757,25.437508732129675
921,0.5203071936356695,0.0066751047345587206,7.238022643283975,-8.0280120430632
922,-0.30468056697401646,-0.45118895030357387,-17.850129850712662,17.07128182257517
923,0.14525637967812788,-0.23273879551114957,-20.009037972655474,19.59233255577967
924,0.34459905125630375,0.11489604931046185,6.3679459335540285,-7.096458211360623
925,1.7679873874538254,-0.8609515213430204,15.294652689815003,-17.005160215651863
926,1.2107294628612275,-0.7681986470184885,5.281431797079794,-5.847000882927596
927,-0.006159050409390993,-0.4937155104614265,-29.766699086698697,28.959795997851856
928,0.059666216409505854,-0.5140772361338366,-32.09851651325344,31.31111338071693
929,0.15968753258813634,-0.29643037638667935,-25.41582678232457,24.84659217488638
930,0.13603601831253465,-0.36726352627586273,-26.954595133229635,26.35721501225294
931,2.242940808182971,-1.2540075028406883,17.97018529881962,-20.0482907792453
932,0.06336406842160719,-0.3928248474697657,-26.166323638138387,25.51962934317454
933,0.9532473592969413,-0.6981108197545622,2.5702774839953957,-2.9503780842522107
934,0.1916972179181619,-0.206347998275269,-20.04326171965186,19.6682385912064
935,2.3379567099387693,-1.4036999659451297,15.807117926687276,-17.565530786576247
936,0.3533972382268934,0.07380264191790104,5.8379850518154255,-6.515092104626799
937,-0.3315212049048736,-0.5948304926702804,-24.75869113016736,23.783448417001498
938,0.6133487840062124,-0.2379902976442933,5.366814766629291,-6.0276789614434945
939,2.9085516509475853,-1.924489283762088,17.88295415256067,-19.943389691046175
940,0.13029216914172675,-0.10702024349219767,-13.21943987993752,12.948300766496192
941,1.3014244896819018,-0.4961342932772457,14.5632321326409,-16.28985174829082
942,2.0590532243409965,-1.3262458325935444,10.307062730634042,-11.347612935581827
943,3.0471502522805154,-1.9149105516929184,18.510920487172974,-20.474870327164048
944,-0.24007085235798573,-0.6786952443380958,-31.28201947599914,30.246331067773117
945,2.714489076473136,-1.607394763490559,17.971046275674237,-19.876074019150312
946,2.4687765798624204,-1.3938840428178652,18.807575124848103,-20.914399495065712
947,0.1722631384861191,-0.29646063043912796,-24.767926246887704,24.247865572004308
948,0.3790031691038256,-0.1989863675261792,-23.784659282771216,23.524093814794774
949,2.1158889032793593,-1.2407944508316822,13.113122820102976,-14.465132805806789
950,-0.18124284618877262,-0.34690043046594904,-15.212571313875715,14.630646203411724
951,-0.22099398932179978,-0.23720438440085334,-9.238309294774268,8.74393352450479
952,1.936986897301301,-1.0927587574094875,14.290002749855283,-15.903336200603174
953,0.37676843685855066,0.06894457256991965,-11.156946591211058,11.1691673841437
954,-0.1422113393166683,-0.38806311994244214,-18.239374516053225,17.626588900505133
955,-0.2627937133753683,0.0814504799804045,0.4917495188426813,-0.8423630271985628
956,0.06211860100450712,-0.3446057750360625,-23.497506236039793,22.91661321724033
957,1.3126852279451158,-0.6611320936179218,10.324291236789538,-11.492573081048679
958,0.18140073668712464,-0.3978749257032707,-29.39149861179216,28.788254208760343
959,1.663420590602864,-0.9009125896996841,10.129704786810967,-11.100899087676206
960,0.21896957294812197,-0.3657776911813147,-28.897943313148627,28.340169094114774
961,-0.16535425313117555,-0.3258931093930044,-14.013907554526586,13.487977361022722
962,0.07094171005998531,-0.35914203079273316,-23.52097442224442,22.968989760377106
963,-0.3605594232674164,-0.7699725950633748,-30.918673309895812,29.812720505615278
964,2.571727449968084,-1.6595503942336456,14.442428327478268,-15.979337157136028
965,1.4507525111910997,-0.8117518619757988,9.144563471248336,-10.11294603889395
966,-0.3189209938814337,-0.41700218267180067,-15.649745065678022,14.910686792370134
967,2.510185413688193,-1.4928875697841069,16.231140733571582,-17.947453061800996
968,0.1109363225357594,-0.4732700623194904,-30.638530831873293,29.952295134558625
969,0.21182344841461376,-0.12355091656723509,-16.577618495141436,16.2995773230147
970,2.782823119101632,-1.7013347698659176,16.26329882614535,-17.891173428132436
971,2.9613097496276373,-1.762728698266695,19.458308709888378,-21.502881931666295
972,2.8450409796579588,-1.7826683146449323,17.245241523876775,-19.07903261723549
973,0.9967396831246368,-0.3514796709382918,9.087074931149832,-10.041948644884297
974,0.1786772349986714,-0.3801710605983992,-29.19268530883915,28.57452157999722
975,1.4641135866797863,-0.664058676961943,15.043998205076587,-16.863894501680594
976,0.0039036212250453187,-0.30236297072193374,-19.61199770981671,19.06983553595557
977,-0.0336976785641767,-0.48178470896573,-27.781892311957765,27.00895097969316
978,0.5549751567293321,0.4421357711205721,1.103539873595359,-0.858976732323338
979,0.5674817044052539,-0.1259030281560951,5.293158810256603,-5.847466224759295
980,1.5632635701073454,-0.842229739880852,13.34503226686081,-14.964542271982863
981,0.3392252001352125,-0.0795882764765536,-18.96212245065288,18.72586587589886
982,0.25801020162436106,-0.3522628084705436,-28.119127954187817,27.642787439824918
983,0.20239675910432012,-0.05349896964995733,-12.288089502462215,12.11249165300515
984,1.5196008500640321,-0.667094466006273,15.348727599877803,-17.149472935176142
985,0.3059761065560884,-0.0633271622803697,-15.99532559812344,15.823958713435346
986,2.944632531253533,-1.820671632948768,18.471600225755836,-20.44139009442863
987,-0.0015549183169243919,-0.3474834525666146,-22.02848603407795,21.41807119955711
988,1.2080281005365343,-0.4978939739066336,13.425626961611108,-15.07989147653535
989,1.785796153820523,-0.8677875928057377,16.29644141526477,-18.174509268049924
990,-0.32814233151163985,-0.5176803960382084,-19.698559658304678,18.872941633915804
991,0.11915744845621187,-0.48231003418172447,-30.375291234982132,29.723948867018347
992,0.18827335769847572,-0.41578594931027646,-30.49321917638701,29.87053334697065
993,-0.12842482050959533,-0.28713055317225844,-15.090032632810884,14.529739121856739
994,-0.09018948614207958,-0.4370470479541927,-23.487618676817522,22.771922804438052
995,-0.31562607175848456,-0.5283059584050007,-19.686778731751613,18.893094393147926
996,1.3929987801520003,-0.6523068770653492,12.612017793976658,-14.071789781130498
997,-0.30403519458927997,-0.5273548222422483,-20.53930656519281,19.723900182516953
998,1.8164844190591036,-0.9711698963185877,14.196635069325037,-15.792903566167935
999,0.1466422356472295,-0.302781605263648,-22.957820706098715,22.487088089508134
1000,1.119573098644726,-0.6014677170940116,7.766989047963932,-8.65858671964256
