ID,target_1,target_2,target_3,target_4
2,-20.952119810312862,-11.00064996524921,-51.40369759122379,7.903912969170073
3,-2.152194037791917,-1.2557126451865765,-9.715690997343675,5.17906998338804
4,-7.746917345421926,-17.008590587749488,-25.279776797065793,18.02338333884214
5,6.838315324505625,-19.106469760056342,-18.642677606932317,29.966459738341307
6,-1.0198201550997785,-3.5115840140204013,3.852258508568978,-10.263315522918193
7,0.36145203688124816,24.0808332972248,-37.69164700421739,21.815914349560245
8,-2.152665242148336,-4.563219857199739,5.711293421671483,-10.682552405153055
9,16.460191319999094,-18.51835147486311,20.765754874781045,-19.06143833366581
10,-2.7776120780893487,-7.296903832640133,2.043531382347144,-5.451005328947383
11,-8.074521732909105,18.67667088062318,4.095996918443014,-31.000808162622004
12,-6.622357628506587,-10.016120804269999,21.544255533403174,-13.601790673639615
13,13.648604239383918,2.271051847694166,15.389205849552182,-14.588745775973974
14,6.93550686899428,-0.02549222231240078,10.49884365933095,-5.024117245916523
15,2.8100555139894317,-1.582792171580571,-7.260294143835149,9.951064052335303
16,-13.201457364185256,0.676056641219756,6.531261672461524,-33.55449914306058
17,-22.242996391083885,2.903015775787861,-21.714187811268772,22.55452723866568
18,3.1372257725447303,2.4071338292300912,7.780420024114976,-5.629187353253221
19,4.815321337315242,6.46937396294048,-6.13964167149315,23.421539018034633
20,-15.847767274430758,6.801794282737351,10.078736970213702,-28.50009336663132
21,13.779490975165618,9.557922227726804,-23.355088165135072,24.87332326530048
22,-3.1629581946771834,-4.4513522749511445,6.6525810660701055,-9.284172517209322
23,1.2265730468618123,-8.681749031568295,20.143872594853995,-8.22886079231709
24,-8.9391742639714,-2.3564484498993656,-24.772277791976677,14.75029852736278
25,-13.799240905506899,-15.956435175662339,31.518717169486692,-7.201485335458194
26,-1.555017712008901,-2.867999861617839,-44.79926522780387,12.26712187246389
27,12.771164351919133,4.851336500081654,9.814119646903508,-14.503810569650204
28,-4.7604132399361125,-2.461241414796326,1.2339880141057682,-6.172927893517805
29,-11.032811115456305,12.162282963718646,3.5026209747491155,-36.946405941565324
30,-28.84545475452047,9.218839825728843,-33.06933785220044,17.268888874604315
31,-13.574500881561768,-6.051912048331923,33.40267815320769,-4.1631796978249005
32,-8.070861093207712,-16.4924220320151,-19.62075052907582,38.47073625364692
33,-9.953848882767266,-0.41732524261755044,-11.94193839172752,11.033621137464513
34,-15.786144093558303,-15.361470807707619,-22.16908235818228,33.62468593721608
35,-2.790328758892536,-15.316376757281178,-10.59362057250097,46.402766598686455
36,20.912267121664737,-7.319628065800298,11.94248064650994,-28.87795647200262
37,-1.0811577221207802,-9.646405611854078,7.558100754548212,-6.22081339182919
38,2.612856661922261,-23.347003463139284,-11.18714313606748,43.36149554319722
39,12.052077965043903,1.8783278031558983,-33.81486401644319,18.811522442123753
40,19.591082921076886,9.993760535866194,-23.638153807676318,24.97649487921935
41,-28.582673960471407,7.204322015050902,-23.89423489935605,23.63353835570409
42,18.769658697740493,1.0213917952966054,30.29472127463417,-9.550014976494415
43,14.67522991896762,-3.8927126640336627,22.754228982897686,-21.52639934661029
44,-28.197246699445305,8.526926211392581,-33.923871701609265,16.662211401123702
45,7.203197358753466,11.03901335991197,-15.736916451514604,25.243310122202477
46,8.78311657729883,18.195603125418547,-33.821027830605566,26.436273906027633
47,0.6199863473292906,1.430842802775175,12.28235373933603,-15.158412405147017
48,16.738073730213817,15.599237470978068,-39.10327016875934,12.982170917092171
49,0.11923872632233401,14.952989350337205,2.3746576701886237,-31.77576760285461
50,-18.107757183174588,4.0496982966888915,-25.78528730558972,12.8426709316307
51,6.148998472911184,-16.671061398989973,-19.979604996296253,26.53391267077942
52,-27.2467895553169,-7.125800964665775,-22.82191092343136,32.797096693111186
53,-4.992041723051766,-20.312502652326287,38.846292523493595,-0.8817134965199735
54,-2.5648894923973633,-6.7147458718434105,-31.69378590295276,21.092013217794243
55,-1.7859916712870083,-5.5727348784256066,4.882876987783755,-10.098454717773121
56,7.739364227255597,1.7652704541726885,-26.67106898379324,27.022392091234696
57,13.003692559372741,17.35521485383072,-18.273958506695585,35.58807755479296
58,12.81565764702496,7.544116450361241,5.79468020147033,-32.94549950122899
59,5.8986517784744885,-24.579279851616207,-4.785556859957198,49.13604886080143
60,14.64324579464898,13.210509532118396,-25.910297901680856,23.484385604137206
61,-21.255741153699528,9.156591679884393,-23.816262940488883,11.087858294785498
62,-10.038031091864276,20.723399252072863,4.865430820581546,-31.853904700243596
63,23.07325772475854,-5.451752670214745,2.5048588614501703,-38.20539354776072
64,-1.9801160312920807,9.031543320462891,3.6986251516399076,-35.27084610830071
65,-16.583407265707535,4.311422114619955,11.002008483155022,-27.636937102984135
66,3.327583469575785,-0.5186083962800256,22.469692408537895,-19.806248320872335
67,-29.764542302686095,10.812299023668313,-34.90349660422044,16.230772040195927
68,18.75190603917627,-5.129917503855896,17.228980157737645,-23.595267963762083
69,-26.023911499837535,8.497381114488299,-32.31722646500901,16.496848284701173
70,-2.0133293770575778,15.142916240993355,2.6302331321298915,-31.129240292694735
71,-14.542674723726304,5.827336172987518,10.530177217269665,-27.623338706216682
72,-3.2835844157157554,-5.556463216827069,2.7594625946528897,-4.456048528395355
73,1.1362304322062178,-3.1193760372643697,-9.309336684367853,15.753685236863271
74,23.606097121950466,-4.497849853210624,3.6874440158247523,-37.61430657854905
75,19.194608952423486,16.868699630439515,-30.174412229298817,22.131833647064735
76,2.73466174367819,7.125953560703273,0.022620476027192638,19.623600994590603
77,-2.0187128787446245,7.17856444163991,18.323977059905275,-13.044601412090069
78,-9.981600677475043,1.419091210243391,-16.824933863640567,17.64775784078091
79,0.6219730712762077,-3.559584766061263,-9.132654070179807,20.654080775127404
80,4.919026450141156,0.0881795032244459,23.21119431308277,-18.51013620521835
81,21.588775809206016,-8.812372893900555,21.478944145347583,-19.247537932930353
82,-1.1033106299620763,-14.27593803905298,-27.395806029903994,27.86946658928576
83,-17.7165120568381,-1.9480803627467984,13.630574382860695,-25.51644657826687
84,-17.915020115562225,-0.5700287628238097,-13.5380196612861,28.846943617578944
85,6.448372787417083,7.369685078952621,14.087370381944849,-11.490110313783807
86,-1.4419509434694362,-3.1584069493288864,6.616137897004629,-12.469385780546816
87,0.24648067556400743,-3.2095383953258074,-12.636879693016319,14.884430913011553
88,10.126069500838955,15.316324952013659,-13.566447053374059,40.77622359450935
89,11.844123210408828,4.338797660669357,15.537577786909653,-8.179368857234332
90,-29.725182834800123,10.146530464669494,-31.746436595071884,18.229125819234504
91,15.517462421483138,-9.70960432775672,3.403322524769811,-35.941531768509
92,-6.936223543583283,-0.5507261251275533,-15.878423655687348,9.525608373557462
93,-12.730053672478732,-5.92528793624796,27.669934790406465,-7.600844240182556
94,-33.7970282426983,-6.355325074775584,-38.716513987345756,19.436381338465893
95,-8.913282121155753,14.575324911476851,20.005604370163084,-14.925024646789169
96,-4.50930476552642,0.9556986755473322,4.218539518650255,-10.330301417905867
97,-3.2593688425688434,-13.363020421789845,12.934379040084922,-5.098492416969825
98,8.184708286648906,-1.22747264261811,3.330233322199687,-8.170470889001226
99,-2.7982997427692533,-1.2750316577055396,3.28850911009752,-2.1727459771402615
100,20.582777440391048,-8.569031300080809,16.396560722000103,-27.68283942633399
101,-3.701573713842939,-6.484368617801051,3.3675119503826405,-4.855021268430881
102,-2.893796709661277,5.744767761090195,-19.48728794487795,18.000770956989502
103,2.6779763386383655,3.017903011645466,-12.692381616242939,6.092448239929845
104,4.274156646686866,2.9691202097036435,10.438150746251507,-6.034590057032985
105,13.452352768686936,-24.644127615362883,19.83578633358259,-19.933014584024168
106,9.76372691509286,-13.96190986424099,-9.00592529507775,39.98406029484904
107,15.693929999061904,1.8717289940306618,-12.214804229577133,37.85500008037492
108,5.174067874980563,12.74920047983569,-15.987907352470778,24.501851526029927
109,18.330496220424777,7.528627317444524,-26.945431579261033,20.633802184474998
110,19.23931145541106,13.63551301771417,-16.282462279064735,35.054683760077324
111,1.1540386636605122,6.001828198938686,-8.503539569984303,20.198254576553598
112,19.07135382104909,8.149795257244381,-25.806397322248735,22.00240390733612
113,-22.39150822100617,-16.037864359735906,-20.644757427380583,37.719577787504285
114,17.946992731058888,7.203408872874,-15.236452656039416,35.312079729206175
115,19.715081275760408,-8.726164668688554,17.10949974206416,-26.366760199703283
116,-9.242674089707005,-11.990149967876613,29.505860078734614,-2.4370154765859717
117,-5.789355335069835,-12.811961942161428,-13.867314384631314,17.453623982780943
118,-21.71463716770172,-9.75408313004366,-21.04574717299147,36.38357107001049
119,-13.536142844506386,-6.22662732642989,-44.243127683337846,17.67945016122602
120,11.339457630163821,18.14700578391118,-45.098851431103895,7.504345635498084
121,5.98358321179376,-24.606935615838857,-4.449367958293776,49.67291541314531
122,19.074144000903683,13.032779855606844,-16.359348095359316,34.90677414511058
123,0.52082972732771,4.546981802139939,3.6811192917937863,-4.077682934309406
124,-9.936361830531515,13.97007345417737,4.21112053290609,-36.108568197923276
125,-20.6606113846208,7.985618778445712,-28.288059394013388,24.283635232153184
126,-4.121127338938786,4.7502839249735445,4.427738745090824,-33.91795954179147
127,-2.177224315963847,3.714489783778078,-23.98044621876918,13.61268427656767
128,-35.37594371856456,1.8348708769043118,-42.38071827806922,12.043404695430352
129,-1.6751831764160494,12.845066692681163,18.060617348228007,-4.234164389315967
130,-1.7181978023180955,6.466677200505735,13.981738284949868,-28.526949429272424
131,0.7047853007526186,5.925314702539062,0.1899752405418429,-7.33174263989778
132,-10.704043963330697,16.31656065553137,5.166999485914674,-29.44620612871522
133,-6.9032991790325875,-0.8741340328294487,21.346615670388665,-2.8976100268509732
134,-0.5601084512064576,10.794109569752553,-13.393192880702834,17.907193912815636
135,-5.298983823009144,-2.871237753736485,6.143898559620508,-3.4494027926792525
136,-5.940558566295667,1.7276326998520806,3.3007489587618704,-10.08597347897468
137,-5.103794632702855,-13.689156165287102,17.807787937738972,-7.8199062006399425
138,-21.60526833183492,2.020645668540674,-15.300896355860539,28.082871906665073
139,-20.374121610674525,1.0161666754764949,-18.249800138417747,20.92741888982972
140,10.531100465925118,5.280593584029798,-17.03053631972949,22.874646047552396
141,-7.655261969256046,-12.632362187613339,-13.956844206525552,24.396702539665537
142,2.7306371407161327,-11.317068885522216,-23.149431949107118,30.197750499639866
143,-2.073347794103875,-5.640282988785078,5.120507596866723,-10.36201505843726
144,13.782585673665228,3.070363098401821,32.09347669225824,-6.442239959698907
145,-10.036287001272893,19.402354888598623,4.568347165355156,-30.670207396365505
146,-2.7286556749370012,-1.4417716938555034,4.859355271280302,-8.605888805822431
147,2.4725128447808773,-26.051237597269342,-30.81490984278414,14.354070803310767
148,5.810996183646384,12.305959315906886,-14.1097358905248,24.403312846100206
149,5.3056347783583435,9.58966062586579,-7.519401640701966,23.572451445478702
150,17.99604682661086,17.94643911470513,-38.65655989219796,12.384815133487708
151,20.65441126905653,12.977683123299236,-15.355660282114622,34.60747394071633
152,10.464227383739736,18.925450992680737,-18.31812777984068,36.29436062820875
153,-25.166435996441038,7.500604775472411,-29.045924745843912,18.839687942007618
154,-0.29230467832836116,7.940188829571554,-2.7672106028421286,-5.601475309505264
155,5.208191882918054,-23.779450299981214,-4.852578326297111,49.56860871434258
156,0.8312469837853049,15.162669736255346,2.5431613371133768,-32.18519136680895
157,-33.763847025690275,-3.075380142958117,-54.01127595173954,6.79112281846944
158,6.170441228511707,6.382104848618699,-11.369466638839619,9.965456169940593
159,-2.111691274545983,-10.329092375397085,3.6434867183415154,20.006252566694183
160,-8.135997699127394,-17.746791236503,35.91852616558364,-1.096758419292485
161,-13.405742099884037,3.887688087268661,8.929748567432638,-26.986717731858874
162,6.885070078652876,6.61159146465215,-14.89555675348736,10.702553023034413
163,-1.585762522171045,-7.4386192394650035,2.6602357491678053,-5.165303824192078
164,-22.002480830174473,-16.034925021402675,-9.598869493686038,41.59979712916321
165,-10.891906660381771,-4.047634336977804,16.86405186831069,-10.168113409099655
166,7.259417828141271,-7.7525417462832955,3.633881824709821,-34.5242647550718
167,15.075330364369897,-4.9228261695196345,15.743186532744646,-27.049785165428975
168,6.61629455032764,-27.716423176347206,-14.084769951006514,35.69698725541308
169,19.548448441650056,-3.489383162431085,29.389703755527194,-5.781538063893698
170,-2.749727161323052,14.023605714274561,-22.481043193288933,16.628216880889187
171,19.268063416119777,13.621404109541983,-16.45021389454834,34.954473660791976
172,-11.432408673534146,-10.233029144184274,31.716661314926213,-2.630413182818738
173,0.5732247112417896,-22.057136762147138,-9.102280395606076,45.64517640362818
174,16.379600956363404,5.181199505330291,13.74519101046909,-13.418307581874979
175,-30.132953132205202,8.548284506063311,-31.74965075014687,19.728228291903534
176,18.225197465903666,-3.896746847487115,32.473200933569444,-3.0994889976244457
177,-1.5999397767496304,14.303783548931943,-22.17664707544466,17.767711889781268
178,5.6209842772883425,8.103200322838518,-15.685588107609076,5.906113351611947
179,-27.115711396104967,9.973484651548324,-32.75495893861084,18.8044440116034
180,-8.25854320713142,-4.6863304035645115,16.289966444589837,-11.894788684053987
181,-19.775584289758573,-11.187659509560046,-25.807337178875528,20.63684557953435
182,7.067800764794412,-25.208479938595737,-6.08557566796333,47.11046158686686
183,-2.770142014669557,12.595088797726795,12.808218970131447,-10.322761684900472
184,15.345233083983572,4.30993184464764,24.63820619323871,-10.743970527129406
185,-4.54939856294155,13.470966354293102,-50.507927801189396,12.092075390113743
186,17.352830569158453,-3.7963783350353313,32.14002099625351,-3.665106534952409
187,10.35775610308891,0.9025100067031819,15.048527228078514,-4.65687913846783
188,0.10348692562430006,-3.864686069259736,-10.7555374985328,19.590508362063733
189,-23.305791658575192,25.94314987269552,-64.67264420992258,-1.393022068594815
190,9.705974700999992,18.169959489693,-17.884535647835815,37.32094942830315
191,-20.417840851394903,4.42531664770652,-27.069169389958027,12.125546503029353
192,-13.126613286405021,11.848017490880693,7.179512326282131,-28.434823621041755
193,-11.769617813964771,11.282259324385556,3.368116297838471,-37.386306565064785
194,13.777145168686733,4.3984872163206425,9.718559850030656,-13.55241344012566
195,10.481146559092743,1.2697245572254308,12.491468586027429,-9.814243748648343
196,1.7012636042823912,1.6459641562946818,-23.891931107910963,8.011033740225548
197,-3.6689946422151722,-4.201944399198812,4.090969197532152,-2.4078513785605575
198,12.925546863258674,-2.618695896586352,6.381810028097851,-6.5337151334079655
199,-24.532784876998416,6.399925550856846,-41.55351590570085,4.280690728692881
200,-0.9652247204639974,5.088191930058276,17.061767776777117,-10.019876800415119
201,17.817292415530286,17.437135091324716,-37.751889768637,13.141304352687241
202,-16.590685000065214,-9.333764426834776,17.79062326318561,-23.791802219894933
203,0.5420971042965865,-11.810485280288598,-10.719084178642898,10.917085940117653
204,17.101083924617047,-0.5176585130701841,32.55923682960547,-8.586390050868307
205,-3.0455094892488264,13.28227300546679,2.3870723154366207,-29.146414092209774
206,-0.5625621875716433,2.748501819996591,0.6250325474054312,-5.140079053669154
207,-0.37543520100000904,7.307227760527063,16.97910018495876,-9.741053747915045
208,-6.166189332238904,-9.582173301862149,18.055302828016977,-10.459057231780358
209,-0.8885479280384718,12.45766949821402,19.219400577862196,-12.197989239184169
210,2.722661547649084,2.417595803136717,-13.362217351234541,7.056815997071859
211,19.513842588522675,12.456100774914406,-16.935876240478912,33.84283757142998
212,-34.90005750500182,-1.3279619089232333,-54.63035742356568,5.9090856404937595
213,12.16546540859186,-14.657042760846494,2.927163875371958,-37.29602947200731
214,1.5207826951415155,0.08016041312878786,-2.3297105946806473,5.316611253104002
215,-1.0862803631097888,-26.484229313604548,-9.144314694319716,50.00339542813806
216,-2.2499684943842375,-15.289560733518048,-19.819963835536804,35.158445846286604
217,19.876329820439064,9.228976311695556,-26.385481477873803,20.721389408927635
218,5.222643437648622,0.2878521052982568,10.642467952359562,1.621260353267067
219,-4.0130117476141,-7.454742348367581,4.834930576278735,-9.662345959447622
220,21.422305976755442,-7.836093198806189,26.526959021502165,-13.19891917116001
221,8.240688480025234,-14.29851971097705,2.804463137353965,-37.32001886388934
222,24.065099069269806,-6.5659551624059915,2.271475176702465,-38.04322596290804
223,6.788125248086067,-1.986502979048836,14.169099856878846,-29.90346927622609
224,6.342068012975688,3.644084254940957,4.292296818762409,-17.188844087376175
225,3.3812894149308415,5.744433267402979,-8.422511402863865,22.63378627515207
226,-15.075072499269059,3.30113653656907,-28.8213518694307,11.333325045895972
227,3.151217123882131,-3.8266114763061263,-15.151776470419241,14.021117861039631
228,-13.683477631104047,-4.522006835848931,32.15390927721023,-5.202677542699175
229,8.018093204326071,-1.4351396349836452,-21.43093346006212,25.40029712017318
230,7.490577175382479,9.695055634407659,-18.201725267944518,14.413559860521977
231,19.60463676901688,-0.6309338629261094,34.793512119794826,-2.0799882586112957
232,4.560203227028551,-24.25278742983921,-5.506005413725955,48.487898821024146
233,18.261437992901328,17.792301476603146,-38.69494489102623,12.469195700995195
234,-6.302945410433741,-4.294462959720757,7.00522850008938,-26.61015455348631
235,2.606435257275357,-2.02409222199369,-6.146812789035888,10.706260964903805
236,-3.603813551944625,-3.3726476833713437,13.591211230083735,-6.016556469157638
237,2.386305850142233,1.718127989390084,-22.557014321495885,8.593788385899309
238,-14.951450078118484,-3.455000568129312,-27.522053372771502,30.16320561741602
239,6.283040130739724,-17.346607341977094,-34.52624896570422,10.225668292512983
240,2.201019084048033,0.296351445319758,6.5695889163663015,-0.9745413279243507
241,-1.9838416249917517,-7.579189448229846,1.417389993007001,-4.322145701882663
242,21.88322656654255,-6.051946060760621,4.331206150774081,-37.49629305977819
243,-11.632649100226226,20.589437587038983,-55.07219865615254,7.694602176286027
244,15.147878144544517,5.789957641178212,14.72570945912546,-12.890271717247987
245,-9.80929375947245,2.193987183622465,22.987990287156677,-3.27671726696436
246,-6.377093983264073,-3.022792145469166,5.659920487687122,-34.2334125501953
247,-1.9928562834120722,-6.2652426468029,5.829985717031255,-10.475954118238281
248,-1.8722419399417758,-0.6280536977575646,0.1290876761998856,-0.9533857535575492
249,8.023028282651033,8.050595375011689,-17.25743679730028,12.140016439865606
250,10.475725520253139,1.8013492705310417,29.4203210974539,-10.78145031715226
251,-11.385999954442898,-4.942150802068994,-23.471588116005776,32.566849438297844
252,10.503883442214882,-4.5191846326054534,-7.4666384881844134,47.60443580860956
253,-28.78717845923072,6.964744302055649,-22.624547432334104,24.65124588055757
254,-22.811310353412647,-13.51643839990106,-19.00583483346623,37.90010134744173
255,22.34879546631764,6.466574909445512,-15.076048972552334,24.92899913482261
256,16.243297689187028,14.025075145693807,-22.99508281920808,23.640138395044072
257,0.6601602321473994,5.406580559403778,4.4417856897280235,-5.184657947123552
258,5.412843239068557,13.383772066280933,-30.06559983489352,31.10000353412948
259,-0.6633414911201125,14.452447478097827,-22.738843058334666,17.900838229609096
260,-3.839309447935247,6.238765060399018,20.544421342447684,-2.318785297935388
261,10.035060466025143,3.076160603725811,16.512614461636893,-4.863430598204437
262,-1.6350741785779794,-4.424340636770225,9.816458137594408,-7.9727577820438364
263,-21.98875843652111,2.07402829686642,-17.252761348661714,26.94805363491339
264,4.843390592868569,2.8029130954076718,10.952444752877609,-6.50804087088059
265,13.882271990790695,3.9818241885526224,16.36570133834516,-7.538721298478185
266,5.01477008634276,-14.005815615114528,7.844494874778308,-33.30109180310579
267,17.745905012470146,17.129910876617135,-36.40360607984676,14.424626196265738
268,9.703827504055944,8.468714074978884,-17.899353570871064,19.676934435245983
269,12.159034970797517,11.131920662881498,3.4837602818260454,-34.49041303180145
270,9.742642181337242,12.893300887214401,-4.49627459903278,26.6991451838251
271,9.246777874728522,-16.64537686939332,3.1819983046509766,-37.15627888444099
272,-14.65716099273098,-6.512606135195536,32.4756598888253,-4.627904845336635
273,0.36314442023685256,-8.528737590494597,-8.910527214018007,43.784826664582894
274,-13.717652839269128,-5.471060442928252,-11.213308475614546,28.158439707954642
275,-4.76582980869832,-15.485985149259875,5.549162170107525,-5.995517843220744
276,-18.168995295971573,0.935270166451684,-21.237573903749794,16.17213381741965
277,7.028687201607542,-10.451706692421823,3.1789265187846336,-35.19978393659813
278,-32.26454386566321,4.611613209026057,-33.249455651971495,20.805213395238578
279,5.412855800562846,12.113200489141931,-15.091176721899336,22.059602541208655
280,-6.411741756032885,5.41938869017681,-30.46717409545589,14.241858822232219
281,-8.901944355245295,-20.97282913422944,36.06501709077352,-5.405887182196948
282,11.409265746965588,-15.555262913118177,-27.600622939970414,19.29025695232929
283,-36.446134700133776,-0.7361219801716561,-26.096915273042647,28.99566104645463
284,17.17969585029397,-2.465025467852445,31.22854474489521,-7.124709430867166
285,1.7058164388099728,2.0605377275287826,0.1289859426294413,1.619832191421025
286,12.013683054910153,17.609754970054894,-9.2387042420945,25.135274140237325
287,7.559383536407609,-9.512953717810657,11.185804325539939,-25.034873536579962
288,14.803618775274195,11.016351325836688,-38.5899582362402,15.57099567668296
289,-5.279789224681648,3.5600500146218974,-33.28165936340612,14.926496038098875
290,-26.34815895870082,8.384771531342667,-31.40849228476447,17.273408757947102
291,-2.903541685122911,-21.944952559075272,-3.146536949161651,50.085171363055245
292,-11.311936478221172,11.402306133153324,19.02760331903793,-16.475561027520353
293,-2.1431088062940455,-3.414495366078547,26.549139873011647,1.8891365308370935
294,-23.313110460837322,-15.134660016100618,-22.909847563355918,36.015727728556094
295,-10.161310058004325,-20.226641135781264,37.052199055580715,-4.140242238862513
296,-5.2019192054496886,-24.090322643949246,-29.17027378773041,23.87603211917178
297,-10.848931885886625,-9.252057959966793,30.52991847979264,-5.713346399740405
298,15.293916924797568,-4.410885103681373,28.810428071856272,-9.341334499261881
299,-16.46515212506594,-4.517672525148152,26.853813673582863,-8.335328794112426
300,-2.001992779402806,-6.120367904278211,4.474975656038504,-9.38472765250905
301,-4.709951921988007,24.735961876590498,-44.58139793844734,12.598169616614133
302,8.828020063279563,-17.007360372532425,-19.262157528579507,26.277548667598655
303,-15.534849237148716,6.6329213687544755,9.961566537437752,-27.57448501624547
304,13.58570472656098,7.364244280045174,-30.892955828607526,19.36509340808569
305,-0.7876234836599965,6.402806062107505,5.744782967034281,-10.192115020258036
306,2.580532049454902,-0.01584515897266625,-3.80878812119135,5.880022702533721
307,-5.081280986113602,-12.180272820053514,24.920698048523505,-5.400493101206501
308,-12.683320525756233,-5.480981265013218,21.449427829903414,-7.550129450912984
309,-10.81181491036416,-15.80174244415317,-34.319108066582835,20.405377518576667
310,-12.28831448694169,-3.2311773465330904,-6.777339012601733,29.977695636637566
311,7.010317406610354,-25.007371228997822,-5.222806590070858,47.9980218736764
312,6.157623061346251,0.8760197720882776,13.34963056704163,-2.326295658870268
313,-11.520651446959295,8.94199733697382,3.795400752699271,-36.91974429807513
314,-25.75019470989511,19.05900503959527,-61.74047121279031,0.8876617616359614
315,-2.1962073259333614,-12.44663689667078,-25.978680990289362,10.081523182108336
316,-2.9271903221575633,-3.0685594422817135,2.717058907864976,-3.275936281891305
317,-13.796180411386235,-1.2554152277659614,-17.080428207337082,19.86431076660812
318,-9.274766387218849,14.52623704785611,9.709549754519538,-28.897147120937838
319,7.672274943472671,6.9551656976961524,-18.37930071959218,25.710627281839198
320,10.749436540118896,-4.559484966385108,14.331480181523125,-14.262542862967665
321,4.566968280076824,7.372115024260474,13.18705694621765,-12.497826671593318
322,7.987765440232258,-0.10257762612998489,2.9531744428646345,-11.576529991217068
323,-15.87519841702024,-7.641678021330339,9.6993668643016,-27.489908336431153
324,-11.952951129914535,-3.9124104772546917,-6.087488150754851,23.913870795801785
325,9.680034263785682,13.038228381662286,-4.374282355987722,26.895575811794277
326,0.9743194822340637,3.860936512237029,3.1347360231834784,-2.670990410894856
327,-31.757869225185193,6.1781835436838115,-28.654893417465537,22.821752062048127
328,3.6254145059092453,-24.18029247449237,-6.721327427738371,47.08857461351137
329,-1.6247975507773162,-8.080921621219181,1.9611332816504543,-2.805523029103592
330,-0.3786285694111795,8.286199195944565,7.028475134938356,-12.060484228303524
331,-8.076343354766262,14.549006828113413,19.985919116464387,-14.429741693209838
332,-10.97582577452899,2.4830514827545973,-9.275967685884195,14.572567058869039
333,19.62120061924841,5.246085802928931,27.45840708594237,-6.699950081521403
334,16.999370472659326,0.47788897259213714,33.65694062594574,-3.7731157582696477
335,-4.092620305922503,-3.4194528004115425,10.301817182418288,0.7323615201085825
336,-16.37383088819005,5.131433853445211,10.590416114476566,-27.958317297648232
337,-3.3555523775005933,-13.642740954719045,-29.50800318802476,15.753705047433444
338,15.71805967965819,1.559705825125532,-11.838990144660844,37.94560353609134
339,-1.564395508334318,-6.9222979506312186,4.026466180135451,-5.834711063503076
340,10.818164111636015,-5.621736406689616,19.85487393230669,-12.529206554070546
341,-12.843659834475648,8.701479940325292,2.919424517531109,-38.13409566061625
342,-5.145724261372446,-3.49815373074605,0.7706237967256993,-6.18817452925622
343,7.16016948450451,5.906386135017424,-14.482711681938529,13.400988181073647
344,-5.263313203185111,-12.554255633501377,-14.538036683098412,17.62533761148499
345,-4.661454367089708,-10.96654551533398,-14.336539929464024,26.380039888641164
346,-24.859914348740883,4.106577483353698,-21.9724793834747,23.999593966796827
347,6.052210685864449,4.716810300828435,14.091794743280017,-3.679442872713581
348,19.313405938095812,11.984163440860726,-15.223409332208576,35.47292564058301
349,10.669376441316523,7.239280613304963,-13.89870598643006,22.863786488750904
350,-15.096366857492807,6.234296994294505,-29.337763965247056,9.263846554895684
351,9.36072005395718,4.257133732130672,-6.614202870316586,19.949171382181643
352,-24.426853795085997,9.773799007778125,-30.4660530690608,21.237545139242094
353,4.549823959513923,2.7028993219777964,9.810576038071607,-5.9464547590967065
354,12.741382057258317,-3.3572888912872005,12.351295903564738,-16.25567418753155
355,17.712746338148506,-3.9828353749922054,32.33603779669532,-3.415262406813638
356,15.799887596615314,1.3131906010958745,-12.828100780100222,36.44127045510382
357,14.304192389334123,-0.8492184687038384,-11.369022452505643,38.696882800460756
358,9.554153067730024,5.525364474720433,32.81144115819704,-4.451565173907961
359,-2.353340790428802,-4.981023385467783,17.903870549972467,-7.2072837981948314
360,-8.928595387077626,-1.680094045534854,16.868614175265435,-8.070707437675438
361,6.694808973733028,-24.667449657535496,-3.191677694013214,50.67693663323752
362,-6.222772119167802,5.5064924531130295,-11.859580744761338,13.053035898908266
363,-18.285744652283654,-11.635029966693983,-44.85981643074386,16.47851730151479
364,6.867594491846147,-19.00792065190878,-23.54880770302325,19.622233737875533
365,-26.350456698676833,6.557422390613381,-24.897783049555613,22.188689922806372
366,-9.826414459269394,8.333673302445277,23.109720729763474,-2.915244697849833
367,-1.3488237411464956,-16.20229079036042,-20.192331417935506,40.052265998703774
368,-14.753953346524742,-0.08006807636709778,24.75885666179787,-6.980442268193901
369,-6.382620357365457,13.833280853179696,19.593574000760405,-13.663911066395057
370,-1.143302041416491,-6.434397817971204,8.173671364366804,6.794511734504387
371,4.089380045961282,-23.242648088793512,-13.265802461552951,41.38736551335317
372,5.864054813441345,7.822507249911663,21.59117308869142,-2.2592085276203018
373,-3.892377570538028,-9.930796826908747,5.845647618210707,-7.206204210054312
374,-12.438862026966595,-1.2374016637193672,-21.294298299011295,0.07855616640988441
375,15.073953689372882,4.258913767320131,13.95103090393071,-16.001738473288867
376,-16.528304491388887,-9.500304829977125,17.897053741229165,-25.087128489223325
377,8.61638692384788,-13.917541728655502,-34.28755220575733,10.213798157743208
378,22.436382825001097,3.6617084018692947,31.784369527619027,-6.620415063183521
379,2.2316649043147407,-4.303537870841048,-14.273965218980564,17.097887528432608
380,2.752318634767314,6.483632820519581,-8.300070874250137,20.487056798687806
381,5.67176197525366,-18.840315909902127,-26.58914312750816,15.524952935577343
382,18.05035137502964,-3.698500052412235,31.194610770932258,-4.917971307071359
383,1.204769750051378,-6.4815125858592,6.557544362389763,-6.820090939075429
384,13.305794115141982,-11.387655202712079,3.4539861060955594,-36.05445449882329
385,-33.189305150545316,0.8056449759369371,-57.63708850091494,3.7326998100446755
386,-1.3764263910617531,-0.24574111942701604,4.570117565487587,-7.089621453506588
387,11.41447546356111,-7.394797065037011,2.001246142967881,31.007243514049218
388,-25.638179621959985,-9.08485318960147,-32.68173554672386,27.227231236466547
389,-8.404226897856347,6.725286702627297,6.340543777178727,-28.901148310293387
390,-1.316302732199774,12.435799862891148,18.380447694897,-4.274004445872208
391,-8.508422145599313,-10.994245760904485,21.489222136166205,-8.67249744172863
392,-28.381413872039804,11.527742597307848,-58.786422797812406,3.1409652046800907
393,13.45639890681186,5.425005100503093,-35.74660394276767,16.91048819665615
394,12.49884835468541,10.086655253175673,-34.57047422367956,18.851655584084217
395,7.789623343737728,20.855031295658204,-42.44539514155797,12.672011888098174
396,9.68806344009899,2.265676972037714,-20.06988230107318,26.639401998424628
397,15.566341292801582,-13.658126501191594,4.292656653368033,-35.75586890175004
398,5.5808079352031035,-1.9397194243171358,10.136641231616652,-17.970939895706703
399,16.868776315415786,15.834169103775196,-32.158568287290294,17.766761524025164
400,6.834083751588344,-27.87416851584584,-14.457849810139344,35.36107913684555
401,-24.455611958293336,4.2326983564230645,-18.564386680535662,26.45920180206129
402,15.015602236611876,-1.3360025066995393,-20.82613088291962,31.054045742693486
403,-21.25326912460111,4.827049160340277,-24.22911804431729,20.727673151212148
404,-4.764047613940467,-12.034012450092682,11.796956592899816,-9.49628681594121
405,-9.71353188429077,-18.078156636797484,35.90298838613709,-1.6525774663847934
406,-12.776558679174105,10.367190723268596,6.403215572129097,-26.64187048689206
407,8.119930341105615,1.1267465933740088,15.464163692569118,-4.650027035713845
408,5.819653041812862,0.22504680661700194,11.37349791628201,2.053617031861093
409,-9.370157029926641,-11.12303352139856,16.138286635317115,-20.646724004704566
410,-29.902976816945245,8.762101165266268,-35.077992424776106,16.90616714336659
411,19.603618674729784,9.275061942901424,-27.064746808302942,20.55896882302541
412,-1.4895767899379075,-12.11592926299703,3.031712370899328,25.14529373585539
413,-12.198954010611295,6.507596192569203,26.23726859881289,-5.5401571302715995
414,-0.3740946950122508,5.709755905118989,4.999541189398192,-9.072120046536385
415,-25.377159265292438,4.918797227002923,-24.12826991537738,15.662881801192816
416,-10.629509699968303,-9.907467752464377,-11.776537517099616,27.684563198980975
417,-20.475821487116846,22.58978786558999,-63.24529713783976,-0.26724034004719455
418,-1.4524836043752103,-5.363188178346359,2.117536724407442,-5.6502559569740125
419,6.686754108849363,-24.700967208681327,-2.898032321916917,50.790401101766484
420,-2.4564483493593157,0.10195819489601776,9.652968180202334,-10.216742799786571
421,8.172465277989126,-22.805636634539027,-15.435143593263122,40.372249647063306
422,-9.632203327658,1.7773347512039597,-4.096439888882983,11.861759585434822
423,-2.292369572242997,-7.220673792439861,0.09929707356758133,-2.00379480249615
424,-20.42810258532581,-12.247805070106132,-30.60600470034673,32.570500536481404
425,-6.044950289363649,-1.3644832048714561,21.189346172330154,-12.290837139198514
426,-10.80341539444263,-5.774195015401707,8.22533805860157,-31.165117628697875
427,-13.323334903090199,-16.255067722583846,33.30005365583032,-4.560039238034671
428,-8.591129213482077,6.563686578649362,-25.522578663141083,12.633986243663292
429,-7.203488655015425,-12.417455853152203,19.5507116185292,-9.125946546135554
430,17.565313420957565,-4.073243900519472,32.533608086230004,-2.7651070827965696
431,12.29581341981812,2.401554916307519,-36.64495886343549,19.92308797050933
432,10.616405165230887,16.773087799034876,-19.44819042461097,33.54359348601231
433,-21.503461256941918,-9.580747493477174,-24.962378682404974,33.069184225263655
434,-2.063458827821412,-7.888014738967286,8.891710299334324,40.920662289263674
435,5.958763215632799,-6.334771438572407,-7.194064156268297,18.25105210991516
436,-13.53287034441868,-3.803203045635891,31.234141200963997,-5.730988309578321
437,12.763886783632206,-13.363694525589993,2.7510932998339914,-37.088668983910026
438,4.531409330406514,6.78439302346484,13.952507896087715,-12.368489539749909
439,16.694296362454935,-8.038199904519226,5.67493138791972,-33.415662566322816
440,4.2768279916874326,11.797051545798421,-16.521485925483915,24.11828182006246
441,1.080319878109437,-1.5582302546604185,-23.905454980334056,12.224922022285494
442,-1.259382870305111,11.875650920088193,18.581210078304117,-3.9747242585051565
443,4.658715026314424,-17.44151455007628,-27.853733621108233,14.708126337896816
444,-10.827660219151745,-0.8107803952906827,5.662646356419065,-34.01745036672348
445,15.692905537674413,-14.596893463265497,6.582663038615836,-33.71490840673546
446,-12.711430950844726,-1.9936141855672527,-15.444196016182243,22.00183245434246
447,16.083380099816413,10.681147661865884,-25.82190997762025,23.12760765868384
448,-4.059930124574653,-15.123651627036157,-25.41603025485032,32.561726586003694
449,3.1517846637386855,6.263955014567653,-3.7200193007167357,21.145370718902594
450,-32.371080672140856,3.8911291572951137,-27.628582926896904,25.12286202638251
451,-31.08798953824449,8.28801916844942,-28.94856426033217,21.363130263775552
452,1.659313944119912,8.198427212208589,1.4025729181264772,-11.167614915347965
453,9.31441013998959,10.035962882606977,-9.970582938659154,26.739155988603475
454,-0.5808263963870441,-1.0377978663581042,-1.0266651547422807,24.253373405128606
455,15.380533343443808,-6.171531266916256,0.7670756531148388,-38.92987113148872
456,6.661109739220497,-16.117670824603817,-34.450365452721535,10.23775649618693
457,1.310319121155211,1.81045069582536,-0.959228706935825,2.886924767522436
458,-11.32918634330425,-16.495823422430007,31.2974086266795,-8.787559448772738
459,18.55050025548517,9.526718739207572,-14.941337513653368,35.812037582027074
460,3.3861013993150637,5.798708600918033,-8.76844791261012,22.453473274117403
461,2.5508033808428383,11.918148936475376,20.09321596674151,-9.70900802319532
462,19.36546781944546,-4.033533210528226,31.449947658881236,-4.24318390031232
463,-26.80730513583734,5.4463538402753535,-20.49224700363947,25.641070030125793
464,17.917722715285205,5.236829466933461,-25.682291315452318,21.705430710373363
465,-10.628908132212008,-11.531636254271671,-9.868360237924582,36.438731912557415
466,4.916770905881619,11.414351275247203,-15.93240699801452,24.360018020450337
467,-2.2887090792193714,-10.305989806203248,-0.453172029831749,16.148388020382917
468,-30.128499909956535,10.281104930778806,-30.45345197851595,19.61411195529496
469,-8.260943416429683,-7.521475047490664,17.826101812631762,-16.944095709272474
470,-0.11172611735995641,-1.6418280896465158,5.8624817314957784,-9.821453132661253
471,-22.48909645100798,5.331916887211026,-26.868899324527902,26.32246329237209
472,8.075485459841886,13.314144148291696,1.9771616894732205,-33.65520137813259
473,-33.720628312182555,-4.756741703673619,-45.65833539626502,13.229683799933115
474,-9.327936013586926,9.815466240018779,5.142630651506897,-34.62402357581873
475,2.519254260831416,-21.788396642057805,-5.924536589577357,49.59745473594252
476,1.585140154333371,-25.93442947796109,32.087805153153695,-5.811912450509523
477,0.16750145562957197,6.080642935808072,-18.3087383244934,20.657647643595407
478,-2.758915777127007,5.8369818694443545,0.10150748487856198,-36.45484676214711
479,-0.8147325508911241,0.9066772049898622,-29.11647988809662,6.629056455019795
480,16.53039159809609,3.8830765270715806,-12.860935409341744,37.35212260831457
481,0.05433730283107163,12.343906446056316,-20.78105791232304,19.61590149727293
482,2.3026092374211684,14.995407662871283,2.2740376801378286,-32.67099484667975
483,-2.1510099553630564,-5.400029357747757,4.004409477459772,-9.123908442598056
484,-3.980295405688751,-5.222589707390849,18.236320061882203,-21.024278348112475
485,9.513296162013809,21.331369148711598,-35.443962970196246,23.684866446837397
486,-24.074520079128927,25.080428722724797,-64.99970291816881,-1.322817599266544
487,6.697759531375238,20.621755603441425,-26.45732391468244,30.183003070686684
488,-17.88057309861351,-12.611042278380111,-21.709305634817404,37.794997323251835
489,13.36450647891688,0.03690071163125497,-12.128118656828798,36.341691683556746
490,-7.148233513768142,6.558835227833141,-24.1520453968048,13.940831121930994
491,-4.35678923527315,7.838627346671174,5.239415789466525,-35.88147042517606
492,-18.604158807076068,2.8373713016844815,-12.636156056366584,19.65398392564809
493,-4.112222287286054,5.469401012452309,17.551451794500167,-14.06197301154854
494,-2.2323143019628273,-3.4274115772190004,-30.838095916015625,20.655988263923593
495,20.38937925943125,-4.620969230455113,10.76182541360741,-27.80650731289028
496,-3.8674358889728673,-3.2230504186413635,2.6226226841216924,-5.560886989440555
497,-1.4281549960298507,12.282320315855422,17.19569107183723,-5.76261301510173
498,2.91147576130133,4.730707845178799,-10.1425273474429,22.12847686636442
499,10.380408860787998,18.91156754955351,-17.321565905729123,37.18177940813701
500,-8.05653240881142,6.989124745420881,-25.622602855561816,13.144389072544623
501,16.110069088015308,14.865902962353744,-25.26092038497636,23.514684957523492
502,-15.44192108648074,4.297762512412341,-21.64858346776849,27.871015110975705
503,1.4432202661216298,2.296617875741355,0.501416718050895,1.0266511102343787
504,-2.4546300914043107,10.903285140958452,18.546170405620657,-12.588865862488705
505,19.199090682244165,-4.857513586575227,13.611000650324788,-26.081811947371982
506,5.574899776937047,2.1151719236170963,-26.832682393040976,21.14366140786374
507,4.107504461673602,23.876552397344682,-35.953316591288804,17.744136077012424
508,-21.85364178434875,-16.518679685175496,-20.324074575128172,38.20128169596524
509,9.661701155593917,4.612726775368195,-17.354435061866376,26.63156188137644
510,-15.730217448784614,-0.18953933073207585,11.706476521208044,-26.408352011749216
511,18.981746264834356,7.915169259755476,-26.60489056614702,20.986931786058094
512,-6.875941194496092,-2.1208782482520756,-16.54543645972577,10.443752535897742
513,-24.02354196092028,25.281587477121906,-65.08046267046468,-1.3925412747224732
514,-3.322715812645378,0.2226572934073876,-9.098653671073798,3.2370133006269497
515,4.781817924467055,-20.002648528539726,-31.09705207434895,15.262187715485583
516,1.0848032481104068,-14.3697571955021,-12.247111698685373,12.082485702312537
517,-9.970171852960135,0.21408111425694054,14.331604070639086,-27.92199351414969
518,8.39766867141184,8.311199439299763,-19.62630653083322,8.94251136909154
519,-23.37561569007288,24.742012914196714,-64.43162754720464,-0.7769316743037868
520,6.0562566517188,-20.303152008265897,-18.63792760349152,37.25070564501114
521,4.726346262067717,-0.1497245272490555,12.662342341374304,-2.7203929674886687
522,-13.987102546486682,-7.4778757311348745,33.12508343570453,-3.6803304674007666
523,-23.796669115228312,7.315913730056129,-41.33954825378039,4.388168352733055
524,-15.443759272041948,0.07213122967471941,12.864911564483611,-30.144946179970553
525,-6.9880397462977815,-17.268365411595823,36.799885326431735,-1.9581241811647963
526,1.3125685684388682,6.33280109763427,0.43095977251348216,-5.3300120698752025
527,-23.75502933148783,3.573748720120545,-19.898708224813156,25.043780586991
528,0.7231227156375697,-2.712030484779436,-25.77436427374071,20.732468031177223
529,-14.547883734241562,-10.107304867246143,20.10233147619536,-21.065628929348858
530,5.300047019250303,2.6470015858673226,-16.70393220006968,12.888803058756785
531,-4.271029950051249,8.418452093702331,10.411362992919345,-13.055301681501698
532,9.157806497333986,-12.83446045390528,-33.36383533237659,12.070249167435302
533,-13.01486724168105,1.5597759666576327,-16.372296218041033,15.154330040657506
534,-14.780470693406553,-2.6977246638881733,-32.63198430323612,3.738137506672816
535,8.883769323483222,7.221218367910367,-17.862923330039102,21.54342547577482
536,1.0386382108259307,-3.95694625487863,4.5827809422267585,-6.54325894634995
537,0.0684391332144978,-8.592615710972803,7.878817429335708,-2.479315921667577
538,4.337275501913974,-1.5770233000263008,29.482261349723075,-10.937096493976714
539,8.07250187238138,-7.737038086731948,3.155342066334594,-34.94464720190073
540,-7.718982945715553,17.571080379155998,3.823246524173671,-30.225349462408634
541,-10.484701088105346,0.3144111442215558,-12.348872289831702,17.603901702539478
542,18.405058569279696,17.765093447537566,-38.14860483178899,12.831338175640363
543,-1.1586323366460638,-6.599929765318237,2.9626189217769596,-6.2747126108167235
544,-12.82570718698124,-0.23465824707620397,-24.29165789789458,16.009108916511483
545,3.0713569682286526,7.87834090759292,-30.2568974886439,16.791384117109946
546,12.777495050051193,5.073687882740671,8.87520846664849,-15.984189109671838
547,-3.8439105950881816,17.424047774514538,3.31078910559102,-31.983228625303173
548,18.24026942702728,-4.192600261105515,32.97760600787983,-2.034966359359097
549,5.296862622508644,3.211057593119993,-10.632588381812997,18.710271814275337
550,-11.205837438104673,1.8128691499977134,-10.493731853497168,15.214864328954068
551,5.781414039772819,-17.297175008338428,8.500336771486452,-33.307372187624225
552,-3.3311188202327875,6.577531474106198,-15.216355624471054,16.294811720258235
553,11.585419600063897,-13.149245459317228,20.705538030342886,-6.01729685792849
554,-21.672954368179717,8.682370119796087,-28.194318540437244,23.982591759723153
555,6.041095040848686,-24.652952345296466,-4.260152659376731,49.742381552725774
556,-0.9950948407888198,-3.3279050560731345,0.5979413410983145,-3.6490488127840277
557,3.812382933651306,12.323788490525473,-18.303430297870158,22.645892706638026
558,2.4887130419612653,6.404553491322144,0.2187496434313374,19.483203435174133
559,-1.758544381804204,-7.659337868444577,-28.13643008713275,24.500553848947074
560,-2.2451575737502223,-3.5561477330033457,5.05195875404384,-11.21021475876218
561,-4.489030315101591,6.881116212859737,-20.831915503843163,14.733561937499275
562,18.738415655925863,15.820199200365124,-28.242473206993445,21.80398125324281
563,17.282890641027567,18.332472614448886,-39.92612630513058,11.563413819892745
564,-1.1527019094749695,11.518895106238702,18.445561190173784,-3.861834540615924
565,-20.23743515125466,7.079866612576932,-26.61213062709755,25.87505701304497
566,-30.825618950022346,-2.046740053645651,-28.460149187411318,27.718370387438437
567,-4.829638397920949,5.480863142375945,6.877510511707403,-13.268601479457955
568,6.599322596776331,1.9592383673014102,26.171135677686465,-14.393381549851647
569,1.927995071721849,-2.6692499707478556,-9.976316468236194,10.076627286092075
570,0.7930104940595406,6.446233530805948,5.07603610203763,-6.375087031875839
571,-14.561024725568195,-14.483309349903072,29.926090200214276,-8.010060433493871
572,17.04274722226459,4.300175842568429,13.1181391836954,-12.068405062140029
573,-19.823351623292496,-5.403728541336983,13.49920655030627,-25.791679038552044
574,12.36316898206135,-9.74175212861847,25.287595173644753,-7.235789861630221
575,-23.8731263509998,22.892536006572254,-63.49546880474321,-0.2658612924883861
576,-3.695079608468353,2.6186446426130847,4.603149053068119,-11.463162761227334
577,-1.5249281000600297,14.446822926745646,5.0716813769988125,-31.138047459322326
578,5.028027258289414,-0.7319258491153469,-15.040438583494094,12.666049469449655
579,-13.377504214265286,-14.613688175644098,31.4595044318663,-6.658555111224768
580,-4.218422775114504,-14.447414195433645,15.761467218731381,-9.329936926975856
581,17.394948485819285,3.520827952805224,27.58155439282139,-10.960486362944136
582,-10.554764552928468,-22.567750340498385,-19.668461134480367,43.01032996759745
583,12.873277781059858,4.2760812276518365,7.982911110735698,-14.748557056155883
584,14.39660173523043,0.35589137225513356,33.85080548615777,-5.511648093312557
585,0.04708623833987868,5.247743915075446,4.037413140923604,-5.425632125151001
586,0.9957601051793024,4.928709193173328,-18.39141618751109,32.754733797322096
587,2.149991540230607,0.19177214480050297,-3.1182100296265105,5.758539066603589
588,-10.884696616694235,6.065491209662412,19.7209244150878,-15.880184701080289
589,1.7496096455289445,7.149773012920637,-0.8197332355961882,-7.885838096878488
590,10.41217562815008,-7.786165953320403,-14.938032759836029,41.613446500235796
591,-3.650060432672209,-2.435683164108006,-0.10886665903019033,-2.9765221702645444
592,-4.688570787825941,4.413891309703487,7.527942789866845,-14.019415973670224
593,-31.788018573151426,6.819173891421023,-27.525632349035938,23.524684475473713
594,-3.935233491634592,12.809548714447356,-23.53844897312362,15.843620987148613
595,0.4612353102157227,11.942721820384918,18.868714769441823,-11.08801935593251
596,-1.395132700234111,-15.307705289530896,-21.50387031957304,39.36619340753283
597,12.549352188910568,7.0771194377142965,-25.820610596197028,23.588527071264124
598,-1.7015223064219178,-2.0734562508745706,0.5298027472005078,31.364235517252755
599,-13.6678796339982,9.758169185136065,7.459570985168716,-27.324283738483306
600,11.41149305417613,-0.6911150318361989,19.808935795589953,-13.669833256323416
601,-1.4443177330261951,-8.249634638424652,-29.795510676583476,24.966697077071576
602,18.710405371566242,12.583788597338799,-16.308137565302978,34.78859229683934
603,-4.435161022565303,7.34943111693218,-12.81838767240511,14.397586255450776
604,4.793447544904747,1.7357923009536411,11.322950965642454,-5.823358238285384
605,0.32645346662862007,15.49949687626398,4.500949813354454,-32.69432278361224
606,6.384954819190127,0.4389606858994175,12.770573674372054,-0.16708322597215772
607,-14.056817636232626,-13.88336586390606,30.724136983105787,-6.783146982834984
608,-30.479778515954095,1.0375570707256947,-52.67000495067627,8.988657351854398
609,-2.034991417323771,-6.213613259908133,4.29475986428081,-9.010692385249689
610,4.030347006208127,-10.687973105410972,-15.465952788155475,12.11534350887394
611,-1.1420481850998097,-9.434976468675565,14.146536274121386,-11.225742912373745
612,-4.0937178772553695,-3.1841658669716817,8.59928146930709,0.7175327772927766
613,-9.728694815720566,19.203889514557012,4.599362911566455,-30.843763344653112
614,-30.77667770148967,8.413833696748707,-24.0092906397242,24.246090049112635
615,-0.8512336667052458,1.8108073423318207,22.686125258228067,-20.790925038112928
616,4.267091487931768,2.128109017360004,11.55690452912665,-8.032489395578098
617,-3.643073975019523,-5.943961059447446,3.440945443152442,-3.058770879264322
618,0.9687800066753871,3.8258308494223177,3.023711334722252,-2.402988778430673
619,-2.947911258011131,-7.244280731228439,-0.3172408746045958,6.433790551721925
620,16.899897000711064,-2.511047633906663,22.381911179297454,-22.086082725449824
621,0.4196215192510566,1.766645088077326,5.776994217411739,2.6017543685517865
622,2.633007899595712,3.415369876240249,9.196990079589023,-3.7549353724911874
623,-15.505166188934172,6.1244840514507235,9.528662781723623,-27.284626122054924
624,10.650230365163612,9.428561547426504,5.829616258786771,-33.75078571807915
625,-10.174694174153759,-2.34233751147088,20.62672356062682,-11.993192268225986
626,-15.796616316665279,-16.83928398362109,-16.13412346296372,43.17097545457411
627,21.336784007435167,-4.877978357606519,3.266741328226466,-38.170174278515134
628,-2.652907925080485,13.153340861797457,2.3145924060008074,-29.213833038852005
629,5.703059489302102,-1.1437608280013296,23.861272551851137,-18.49606965113605
630,-8.305623706310032,15.353736322384947,20.11233050377426,-14.694950281737851
631,19.874849410549025,-3.9596762241770693,22.120940923812,-23.048667928360302
632,-3.6315591413164974,-6.650705056200781,17.89525817770285,-5.6228600344397135
633,-2.992133271954164,-5.094436814662608,-2.870506036131059,1.159895996881064
634,22.03314279453753,-6.400119156222168,5.948393512644261,-35.99909963459163
635,10.0347904989591,16.887341199773996,-15.939544475651685,38.36789532894394
636,11.819049981335343,-16.13480924845229,0.7800748128889641,-39.425379047801854
637,6.40828477756176,-16.739415512849806,7.920533757333477,-31.74896562362802
638,1.6169915930727932,-14.282879212009806,-16.354874542978564,12.172081179881305
639,16.1822857945764,2.2575123709870764,14.063635360903119,-7.1350233232921525
640,3.0234994323480517,-9.734801819531693,-11.8322941067052,27.1437110135132
641,10.89278119424587,1.622788448925562,7.59588299635648,-16.253404748045885
642,8.125674518633332,12.855525183462332,-13.593857206996962,42.60398956677454
643,-12.490350482031074,18.34784010857831,-42.29375205510172,16.314523245021963
644,-20.123502599823674,6.436294825632238,-23.776891341635995,12.544609438418833
645,0.7520458639279113,12.52819559721867,19.110342292747433,-11.516926333825964
646,5.593276225882508,3.157472835032341,13.11816591666504,-7.878282019117979
647,3.2956225765225495,-10.200804400454643,18.290463155599,-9.606046724108829
648,-15.083136794800716,-6.7105819382055145,23.2108757471564,-17.43695129719874
649,12.262225172075127,3.7228858548344737,7.48271809039794,-14.369660296225751
650,6.5748961783751545,0.5848165132685428,13.053782451495403,-1.9618843033480657
651,-1.129849431812521,12.518790650679446,18.248690663400183,-4.44021624865669
652,16.63245271566544,17.71971481666242,-12.0867766553882,20.14890973128244
653,-12.151960173436976,10.023365572458651,3.4868539386519064,-37.68704603929886
654,-13.7201749136653,-7.779417887545458,32.9534486670945,-3.643150434861111
655,-9.96641331603227,-1.315148546701788,-20.60436420972722,19.0049512758335
656,-8.399541302104764,-10.44036589389253,22.86996687002801,-8.459413225943193
657,-23.079708613402918,3.0843575307103817,-16.086076019583615,27.98293991516957
658,-11.8067869524074,11.416977855003225,3.3294554895547677,-37.38885497470146
659,-22.29729535642924,-15.977623942300855,-20.212824891545182,37.85842036668659
660,-1.3271224266843467,-12.516769899796266,-11.252191347458886,16.475874817210634
661,2.2189665982751663,-4.46779539713274,14.310321922429791,-5.385256261774596
662,-2.6080030300142107,-6.61072439721371,0.7306237349059543,8.069514849031478
663,16.738573550581577,4.431519178804027,-13.11996530778046,37.17048263452384
664,4.961300637217163,12.300785315334657,-16.406425073921884,24.400152768463624
665,-29.819737461056448,10.45339065853505,-32.942025694005174,17.424358739015076
666,1.794500388682863,3.5112946745543643,4.988534343528167,-1.6786011692272687
667,22.815728582354293,-6.414416139062045,0.551581652125428,-40.035549933059954
668,-2.5319295757628497,-23.811050865522155,-10.81621315452133,49.37798835387024
669,14.87181863943993,5.011506780910366,13.285480049342256,-14.58794724913103
670,14.04917585636123,-4.702826094117594,27.397223174254698,-15.801736378045947
671,-0.22887647607773332,-8.961410450174032,7.4852039257225815,40.308647865192036
672,-4.321683311170102,-10.150716430048051,17.954158279723032,-8.158396085166332
673,1.940338289943532,1.705466625121304,24.30487862581547,-17.155600644392194
674,7.883905761340139,-14.100056284925897,4.136840140341773,-37.08565295312606
675,-14.746299024810458,-15.144585473630881,30.67164330507427,-7.010684510098885
676,-9.068761222559651,-5.080215647481273,23.80252262070904,-5.52649017687057
677,-7.90315694462506,11.919607154084527,5.258702176685848,-35.286680029536825
678,-2.3166936136849285,10.819215178936817,8.578773714749927,-17.078165263969122
679,-4.673418274206904,-6.128470618942618,7.833753082875898,-12.459257330566807
680,14.139335168604791,-13.681438240194435,3.0954969161065513,-36.813256703389705
681,-24.569918834743497,-5.632821315028643,-20.468366209226943,34.07356979068064
682,-6.324691657922769,-1.320240869666248,17.631380764141838,-4.0768375934919
683,-3.3994097975025888,5.331247417034163,15.208942157313542,-28.27168494196471
684,6.365978184788124,-24.46885746100385,-4.8316993748569645,48.69421754235285
685,-2.5481538562696535,-1.6940479511250994,2.291572048763795,-2.0340120921403
686,4.662882687748083,-23.83903738358242,-8.725108949446085,44.607691080982306
687,5.529825188417049,-24.192144955214733,-5.818739501294557,47.81945522475169
688,10.029355776112347,3.9349912993237557,16.536519464763636,-6.57920703136004
689,-6.028869500756708,-4.347250942192886,5.178062582271021,-34.00016154461579
690,15.497885131168477,13.413979317904477,-23.562939277767136,23.827877871377545
691,-3.511421340301502,-10.0898418785859,6.179337900783741,-6.646068940321509
692,11.288969869540178,-13.455372051001914,2.825550878984961,-36.990112372390435
693,-19.88342265134944,-4.377437891155282,12.600320677598601,-27.074948844700888
694,3.7600260657910267,1.061017779532961,9.079042697564452,-0.7243080190457376
695,15.161225929834877,0.339585238856817,-12.177839649647236,37.59003857133091
696,-5.378800779294019,-15.743766788601945,5.949985076155299,-6.787904164549539
697,-24.52587113748465,23.712404750097498,-63.258419989379156,-0.007380450617956197
698,-26.897551982236017,7.561626858977277,-33.22155950061997,9.11343893985582
699,3.769624489963099,-3.7739796296688293,-13.299420959652469,14.46336592570832
700,-18.87889928857223,-4.155576034306119,11.520404298826746,-27.17342656984023
701,0.010086326912284171,3.9349161948787743,-19.09682173517872,20.75696626837878
702,-5.17055455201354,-0.2776664248708083,-10.611363313772163,1.837870613392965
703,-7.375949405692869,-10.137648174128305,-7.538220579379848,29.675982093020384
704,10.324082973029338,5.602293743497297,-40.024531939646934,15.721514669418873
705,-1.8244986068930826,-21.042462713056217,-4.646058320315341,51.973806049238966
706,2.8703967189129624,2.8090547125729235,6.79251623616066,-3.5738074199893446
707,-22.428842868023363,2.743908755467537,-21.470071954344384,17.249492390292016
708,-20.5349033647683,20.049800190298694,-40.99721791186897,21.980718059444847
709,-12.146417450165803,10.71946270227025,24.999007396964657,-12.082169469137611
710,-5.654157361768057,-9.421139767472692,23.87015190768519,-9.589916390264973
711,21.043494576928417,-2.3270034627320224,20.841441372705184,-18.171126881212064
712,-13.161105102807344,13.746026676083762,15.886376931091673,-16.443971019300427
713,-1.276632969098329,-24.872497818976623,-10.779009470367875,48.451103093543736
714,-3.146879558682202,-6.438093401345736,2.8661153824344385,-5.225244907041515
715,-13.108868653234808,-8.073823061407264,33.345500938369554,-3.797473511525494
716,-33.28548406263068,1.6555226603629962,-37.14197536763396,20.009373793807566
717,9.859262514909975,8.079768987252582,23.802025168765653,-14.08346711607622
718,9.191082157481759,-2.7644652576225703,10.811877183691598,-30.44608936499529
719,-23.947265777993284,-9.749591520976555,-47.694238491680466,13.468018708090087
720,-12.57058133132653,-9.39865460820387,25.027570718267533,-15.389092270805994
721,10.654919666871272,-1.2887014828855423,21.869251400305096,-21.13153572240095
722,-2.3611017544223705,-1.4502482851623095,2.130012839586703,-1.9220593086033992
723,12.378218230895776,7.148356187152153,-10.385560919968196,23.943166460301658
724,-1.81307586051427,-8.646109504158378,0.18792998824001828,-2.63717386952596
725,-12.401025794229142,-10.88612255380091,9.734512040734854,-31.15123783794634
726,2.7263888284967193,1.7301501705822706,-14.720422131541518,7.518396046930621
727,10.034711059967734,0.9416586001888523,-20.650365556628074,26.71430653365986
728,18.948819435213647,2.414988153813852,25.569916307167603,-10.527032980557914
729,9.35488643884338,-14.8354916641931,-30.879940047203526,11.86393985129617
730,-1.8329683443286102,-9.606164418003823,-5.340028013572386,11.488043164033549
731,-2.942597898443326,3.8368982648386596,15.368178017175607,-11.899103393771892
732,-7.91818767223767,-20.32915490954094,-23.00070731046298,40.3731429346537
733,-21.48095505181355,-3.980111159164774,-31.44151012548928,25.777256273828147
734,15.97474843014093,1.9034985640318856,-14.161212415447777,36.36604018799822
735,7.87045961256922,23.21704837196797,-39.41244976243109,15.338891232744036
736,-23.94203212737132,-13.950340225299076,-26.54494461320114,33.84729932295032
737,-0.05392232116595341,13.061960372865357,19.080784134075436,-11.717095815146058
738,9.10553370095251,8.307000273680872,-41.30226581912832,17.80299706049881
739,2.414522121715316,7.071181769724671,-2.0702086825358688,19.63157565751963
740,-3.759758399002414,-12.472174341517707,19.67455128815569,-18.820963804964094
741,-15.316943633413427,-11.775271624088177,-41.192626307553965,20.017789776900972
742,8.748277655684223,-9.128714784292022,-23.550407874886567,26.41125249170754
743,12.312603059048268,-10.923956593107988,-21.433348503737506,27.53271187621596
744,-8.369449288133048,-3.586326154976532,-35.458115533482115,12.85651385494896
745,-1.503179130000217,-13.721037500296044,13.341668399524009,-5.0926867628654255
746,18.8356366145843,10.239158590521876,-15.142610739225768,35.69480163011161
747,-16.723681310535913,7.941952015699675,7.237782387553649,-32.999622017534094
748,0.9931545253459673,-18.96021080099539,-31.052382946493637,26.25336862732952
749,0.3332231347079935,2.059242342556843,2.1875720572289623,-1.1573728488492026
750,19.103510861625626,-3.5992298530014994,32.4447541375553,-2.8468663027675225
751,-20.130886035694637,2.4089206045598845,-40.10210057687581,15.078748065031466
752,-1.124399483547342,12.413344505604222,18.44391449459693,-4.0849569153211265
753,-28.362158190490472,6.717877390463549,-25.563301687533944,22.747654943085745
754,-28.022941156734543,-5.806789410215403,-39.61602456359376,20.33139613303236
755,-18.415669494999136,-16.07451124597765,-18.317117761523534,40.474845643257126
756,-2.937982144733974,-5.94230867199529,0.18641145050794528,4.320976366983555
757,-13.758744287459336,-7.371325751663308,14.748819584177577,-26.088306519215784
758,-23.5026269626994,3.245307139448251,-16.246035515165126,28.002002865844176
759,-3.8250629555939675,13.915602106211729,-23.833202278731584,15.98520350475698
760,-0.9598912372596535,1.1508625555777958,2.0586952069953615,-5.221395048762658
761,16.24678309529562,3.957144964897879,12.11247249909132,-11.968840792876323
762,-14.831074032786582,-15.120871131295079,30.70560877060325,-6.826792643075316
763,-4.963484111993945,-3.4660087563641073,19.237336452534976,-1.7731278342383976
764,-3.2791453636328254,-3.2213697802817793,-25.396287341279056,10.181624308629088
765,0.5446831181964509,-20.175924001684884,-25.384600007511708,27.87553203011422
766,-2.6094721367388285,-8.250165436489153,18.50209213836682,-8.960899538291878
767,-4.9126426338053415,-2.127136057149474,11.857253366316767,-6.266408868984099
768,-11.822907134478275,-1.0562255604001147,-16.023601041162912,2.2676991062895495
769,17.584446098907843,17.990365141115557,-39.524222959852914,11.871388422789263
770,21.82543527059209,-4.405135285785082,1.4788077428467243,-38.01181243827274
771,5.491395615308032,4.927228570971128,-7.804482574816312,10.225699475980866
772,-1.231924301265737,3.1848433112054804,17.53885505011209,-26.670803980962106
773,-4.0437293368240494,12.756108774979337,-23.79812372443873,15.744516575902482
774,3.180985464035836,3.2858189419754837,-11.00198014085543,3.656166480567523
775,-8.897501247159482,-12.889265770164974,8.822471703451797,-29.588185848957323
776,6.819949968009488,-27.484133067646823,-11.578894450689571,40.191164152729165
777,-3.9074451494165006,-0.08526079835106826,14.978126881600302,-0.5887340471948179
778,-32.240799583804204,-1.014368479967883,-53.86086425508178,6.810844507524908
779,-2.6092971516866292,-10.644899106359667,3.6651808469813414,19.801500382849255
780,11.39075009374,19.31989982295904,-44.08151762035077,9.321967561156935
781,11.638823730676961,3.315881389735129,7.166503610498205,-15.484209656787707
782,6.980162038764717,-26.709693235135447,-17.04788948245539,32.66040522747189
783,2.464584305120124,10.142411351276355,-45.37616883349786,11.767188602772856
784,0.3735251475103514,-6.397236394534799,2.7764528069804104,-6.4305639369683965
785,-6.056763530693049,-23.170458874706057,40.41018205148049,-0.0735355033332987
786,8.548459099023024,-11.249671966281497,19.983007735318303,-11.465746239574468
787,13.823056206960146,-11.453837386150088,3.1066775033557494,-36.256418403213104
788,10.797922342951985,-14.783537154770737,-29.16704588803473,17.002404338832324
789,-0.8566429422389312,-5.252444386526776,2.936551332613101,-5.240043738982798
790,-3.162633267423616,13.647557119964318,12.101656045155723,-10.491732126952465
791,14.788272631360346,-3.063719263507657,9.33431722398458,-14.279807144742128
792,-10.44423082930524,-11.483360455970058,-15.711883037457437,22.42061383063783
793,-21.510797915782756,-11.568779030887141,-17.320577573497296,38.52564358848899
794,-11.282369950254665,12.133925732745212,4.01869630923005,-36.53325003511061
795,9.86630782043645,16.981680545662588,-16.235592212701913,38.17300988660621
796,-16.695046262233333,-20.104868481801482,-27.204683106072473,23.992583596906858
797,0.26915146503642706,-13.336352198988504,-30.01482058215499,16.777702368027285
798,-3.4339405368737266,-25.15140348276127,-11.43809442835336,49.42048899830233
799,16.64971695481186,0.7661925128449067,37.18186273319979,-1.924140747295636
800,12.978994152927722,5.323460967130309,9.585709118311337,-15.281035398597263
801,-5.855383462991305,-8.005551989139455,20.45054568193803,-5.528162117689994
802,-18.463909569390218,-13.447856013905604,-14.371812649031547,42.393156151667334
803,11.018002071105553,0.20222714175030676,13.599715492326963,-1.029978577828913
804,-0.8426845659243085,-11.74588140312895,-6.604865833037254,10.142207667215256
805,-11.644170412020737,-17.205726056982936,36.17824606308818,-1.7398000330242236
806,-4.166808802942734,-15.611362280556786,5.206526718850585,-5.85024773935687
807,2.1602771853241984,4.391904491859165,-7.538274465660826,8.670293482038133
808,5.150392523778467,-10.707536543989345,-9.880602475511516,40.84941444930452
809,-1.0679794963002402,-18.42793085439778,-26.780780715684998,28.361560645715063
810,-12.614277856278854,-3.6825042055122874,-16.033754245388486,39.829118905155035
811,21.418799528870633,-6.866555783638493,26.796608152601493,-13.002215034501877
812,2.4124984899715587,9.594110087205127,27.73205967806922,-7.913461907761138
813,8.035266701358026,-14.641371487707223,4.571877773298425,-34.79386776601774
814,-17.559025927242775,6.898233262972589,-16.915463691110006,26.60652496213763
815,13.688635125316662,4.932940513660398,9.64595525622,-15.182970220056863
816,2.4645170927537343,-18.754510376915444,-25.982684683932284,27.467780688483952
817,-2.7126356002937317,-3.5425203770750264,14.64253990403286,-5.142878354882682
818,4.306597311702759,3.9924922865583743,12.017711956347247,-9.51864107797367
819,3.1117333899575073,-1.6992000411244201,-7.516321248700369,10.508683411433678
820,-5.25240022426472,-9.587749136954782,14.003652254214897,-22.680869785380615
821,-2.2804668196948352,-2.244672959902736,7.51049231273938,-11.38146694830001
822,7.934556515149139,-0.11175810104590012,13.149859091398836,-2.2149703987418987
823,-8.097775259537315,-20.299122732473172,38.392889531200424,-2.7813050399052055
824,8.38589018034861,0.1580308083665618,27.64952086945626,-13.354208667399265
825,0.2954201830371561,0.7077139926157874,-5.269618824657401,24.203322361510555
826,9.010063888328233,-17.778441578203545,-19.5751464861248,26.43218496101147
827,-0.18265003750520048,1.5494828535076839,-26.87504243247963,9.024143917605064
828,-26.17075156930118,7.384023879185008,-48.1849242495515,-0.40122825672897866
829,16.913221768583284,4.797798539357899,-13.205142255703223,37.06173386980328
830,-4.927277104169588,-12.922404663105146,26.113195514647003,-5.695173967975172
831,18.303475845651935,-3.330507416294846,30.409854555093503,-5.944601030002299
832,20.70540885050907,-4.672122629650993,23.55919373979046,-11.83111777242294
833,-2.837547744704332,12.098975625528288,11.296696676514992,-14.16050983209317
834,-7.545723208598631,1.2396150518027738,12.980164099167604,-22.96175916471152
835,-30.08960589197298,9.187755047481712,-34.66435329974892,17.214779524752263
836,-14.95274253416829,-3.8944304541122317,-9.917784072709235,31.03098406605032
837,6.094883849714733,6.879646434653511,-16.143215346710292,4.997048030125014
838,-3.6475392452080246,-13.981268932954995,16.88041263290676,-9.934402569383805
839,-22.06064520894207,-18.38683304927537,-17.062437098556885,38.78805287344988
840,0.9046942473128068,3.966471585457523,2.4775171876485107,-2.100988958255997
841,-10.838628140407497,17.752881147314636,5.428998846903868,-30.538518206188623
842,-10.456064474707478,-1.1556935332572347,-15.817534524757415,23.624992523843993
843,-4.772897868112998,-3.552849629628015,20.18289072884498,-2.077996588326411
844,10.75076482660543,-12.064684033880916,8.590852243021692,-28.382629888859228
845,-1.8447292003997253,-5.83321744965242,3.1287283403984194,-7.630429074752745
846,5.1322123388062435,-0.12393790936596316,8.552851943002512,2.4528439204914716
847,8.189854563222791,7.742209976567949,18.098922501300457,-7.856209449869015
848,13.22542068391824,5.103312748348795,9.357239411789033,-15.9039315794417
849,-0.7606424070413924,3.598945085751595,18.66583311633419,-11.605689028895062
850,12.950901402608938,1.6788283249330616,8.04634119676786,-10.684517422515542
851,7.120750149830445,-24.94001235514778,-3.3873091239612223,50.55544478863433
852,19.828924663925513,10.96417576561808,-22.23493597983736,26.877505965568243
853,-3.0412816237886977,-6.994320032961053,2.228689369838472,-4.78858470134577
854,-31.87936259580174,4.641879157315481,-33.864955401846736,20.38370006164236
855,12.580414102684486,5.531506783402605,9.936157457199661,-17.290427897338155
856,19.102337580512135,-2.114422996001245,25.912235844653843,-9.112401248214256
857,-26.34746679460978,11.292859727454909,-44.83598720418947,-0.047301861755515845
858,-23.06843382787198,9.087062402215835,-29.289489415516435,9.838165485284483
859,7.8064158298522015,-14.165657465100633,-35.51751784121021,9.236617039707115
860,-5.108746386928899,12.783319614322814,7.528198045248251,-33.97613122344873
861,22.236315007715035,3.9684344864587016,28.039034776339086,-8.853004621533534
862,-33.1481129365732,-2.892882731073024,-56.29264541803238,5.201225180161795
863,-10.435388995571039,-13.455185941667922,-18.854257085637872,13.387367603561701
864,2.6111256066175024,2.957772138038552,-31.954817971566904,21.625513535273203
865,20.1735474448041,13.171581791707979,-16.5287667833613,34.58601979472807
866,-2.09207622047425,-4.831992250137173,7.178383813611692,-2.167100587814207
867,-19.120119084122795,17.563145666095103,-57.861119568082756,3.713167413709446
868,7.032555660012485,-14.485864900209274,-18.449708681477453,31.357485524100877
869,1.2580869073131513,7.4658346710400565,7.713913833409716,-9.830323856983744
870,22.540376897758385,-5.821336908839207,1.0256113019009119,-39.871404183845954
871,-20.920666909490738,4.2687922611184135,-19.411812281863185,16.242612311549212
872,-19.141514470578237,0.16357781143859684,-19.611533377965202,25.611221308881994
873,-19.411124016029678,-5.873705940837969,14.8227780566634,-24.114415870206525
874,-11.229285538853446,-8.439453974938779,29.22220895207773,-5.993106513935581
875,-22.02699018063179,-16.49276213028906,-20.4795759042741,38.10383167674236
876,-2.3681610327222886,-15.134594283036483,12.57982748372371,-9.284339406981521
877,-13.506487760081491,-6.705884272435991,30.969621933804362,-4.469813272116993
878,12.512070494116386,5.080014482990329,8.67530752072845,-16.28447564393992
879,10.984945833692336,2.1437413223144905,16.04569910253153,-4.7061038570519935
880,-9.628982909595017,-2.4673748057627694,15.696242332374721,-21.204454328231456
881,14.268964996767568,-11.690853379517048,2.7395546356860994,-37.04884317672768
882,15.082261307024933,4.794957355748398,16.338275440702724,-10.092315470159717
883,11.191629807838332,1.9596933028727102,-20.10563119543737,27.744407856098903
884,-32.84583700094505,-2.0665199108473575,-51.784738922895755,9.648515206260459
885,-0.706921635895494,1.0949324420881372,4.324706184521755,3.0029214704218146
886,-15.883242996634824,-1.1980351660531876,17.722519836844185,-12.562906579265205
887,-9.33378986343266,15.58462546154341,3.9803625291899234,-28.21302693082789
888,2.777520340619822,2.0373843527433526,5.51108902522825,-0.23032483302435788
889,3.8955849322943505,1.5097431566937023,7.534655533032899,-0.004084335927922095
890,1.8615779779653039,3.120531577777666,3.620028001344936,-2.030954151995552
891,-9.226789637256292,1.5435019978223008,-7.782193518267281,8.800132242997433
892,-6.250522135967907,3.0614027524682403,10.71576944729937,-12.131348388620207
893,21.930891623055608,-1.9356993527701927,27.273126890994703,-6.88336713888429
894,-3.5391217452702746,-14.28049464731825,2.4529629432904247,-34.848314509638826
895,-11.052707652521153,-0.737265727573813,-19.325136300354743,3.479780526739812
896,-1.6829830479691266,-6.0936221040663945,15.20224483966384,-6.797233298887675
897,-13.918862716935983,-6.186392821224162,32.48787674146786,-4.872487896143773
898,-9.411882788173527,-12.391102964789953,-19.282093920431826,12.061111305522607
899,3.723409048821094,2.5927897097899835,7.989829519715238,-3.244179662208984
900,1.0718990384903977,-6.827213676940374,11.961630717814456,-6.2497663466934075
901,0.17899494044514785,-4.633746840726559,11.45228616443937,-4.981394768440334
902,6.222058477740075,-25.027960591910684,-2.4433125107684504,51.03905858475937
903,4.2473797206996435,-3.6173311693747574,12.916841622901165,-2.9809142503827437
904,11.378901465772746,-9.805397764639295,13.695615622035168,-29.146550770343076
905,10.081314767879295,-8.521604382576783,-17.246347952688026,38.85698310873363
906,-3.4548688248373116,-3.9603064760609814,6.646685027875293,-11.48635885530218
907,-7.964427616792471,11.786882952636308,4.36336675738138,-35.40120188126808
908,15.420245621844597,16.259751740666204,-11.435528850358544,25.436372850585098
909,-29.05134788223522,-4.183962705469014,-23.869740675362102,31.265065476053778
910,-7.688039376024835,12.9656956563407,3.6418330134588626,-26.37196414098516
911,0.8453646648297966,8.748715356138053,3.9376703426404145,-11.245637135166822
912,-1.5010792468184642,-7.972676462346513,3.5310098175830387,1.0121665342570698
913,1.1285727286128244,-4.038946027612191,-20.87343956573396,13.100482085781737
914,-2.6316788329489618,15.34769372038058,19.808623903275695,-12.199688384656685
915,-21.257922085053448,9.146135039770964,-23.702291450189932,11.192339450462512
916,-15.627535629569994,5.8484571066652755,-15.860794679214196,13.85200446104622
917,-1.0565573610924455,12.353939698091096,18.31052957561171,-4.026675373251755
918,-9.273700473632072,-8.758697410202384,-19.0861492640853,18.14916074725205
919,17.901804728701595,-12.063124871613098,25.86026735347702,-20.383705178257284
920,12.693458873650329,13.222138370485178,-29.190653786704175,20.93649470571683
921,0.5847819078753842,11.041021253896083,8.20703951388247,-8.981186347749981
922,6.067553959944148,-10.228422029167781,-16.36202552093677,25.0361606010561
923,12.734131228866818,4.4716885827704544,-10.060805635962753,28.314968401815864
924,-2.163295781937591,3.949069062820002,12.472541673988042,-3.2412031599841415
925,-8.118806401991158,19.16227046343812,5.611784097787014,-31.863588966725594
926,1.1336319166299802,0.8686511313395617,5.76373534177454,0.43650983466558424
927,-10.080665681100218,-16.843410084832207,-25.23070144043688,36.519634689557144
928,-24.49644950034506,21.999130166277425,-62.08410396470818,0.5712155840762336
929,18.356578331987105,17.824005690309185,-38.215821570347394,12.774344276373734
930,16.779560850019248,17.76288356003337,-41.033008837515354,11.424855726743646
931,-12.737509458333044,9.709049596311118,3.425258220925537,-37.747354653992915
932,16.477019364880327,18.404062791033034,-39.54912954529786,12.01554766909553
933,-4.885588765469987,1.3076758687075771,-1.893824058758761,5.695160983478323
934,6.11130987203632,-3.030859604486863,-18.811722627112463,23.387031233822604
935,13.369090011036604,4.661993288865617,23.548596751124144,-6.3518787075835546
936,-3.886236902328773,-4.612360355690859,4.846204634262035,-5.733456202471326
937,-21.885390425675485,8.65169755156951,-28.437626027557428,23.05393314877728
938,-4.7557928978782815,-3.05415854495353,1.0965361296114295,-6.269363200621088
939,3.8309141653483136,-0.7821723162496741,22.06242252274604,-19.557387382813804
940,9.582811921128098,12.583849860307872,-5.224053337285218,25.70970434620684
941,-7.171103188730576,16.90866923434051,3.69202827521967,-30.041180722999226
942,9.912875997520782,1.0387611787263755,6.39307620354027,-10.780594609576719
943,19.304519159868978,-5.800222475698153,30.524684839592915,-7.314381995058049
944,7.135875151780897,7.816547659758806,-45.64490443778624,14.715065363821369
945,17.093292259411385,-3.7289273093801216,31.58797980110601,-4.19674980538121
946,5.85132422411117,1.4541878715674526,3.5709669556286148,-35.609294434813535
947,10.201026863795406,3.0668221795179442,-21.990090749935767,25.584732237966588
948,11.860969812275947,-13.627586773362752,-15.37631786705621,36.3370517616588
949,11.82467332665054,3.8148553254830877,7.317250511569052,-15.49987197390752
950,-7.563119317448074,7.783105256099013,-25.14204277872971,13.394849931528338
951,7.7953785713734005,12.114374470006979,-3.6587355737002234,23.158335613706964
952,-6.277592137217359,-10.700710308394207,24.00724842953145,-5.9934292341938225
953,3.424594641800481,-5.068692834556446,-1.9203470023707867,18.43256671736508
954,-7.164476307002889,6.260413260323132,-24.67786655608262,14.125211157121342
955,-2.5407349158463957,-3.802500661061266,-2.168973360546243,1.0259878158417917
956,17.870684553650104,8.79146178959074,-15.769420824127979,34.760850030419576
957,0.2390405937924367,10.988693993383272,11.12729627699528,-10.121099646260856
958,17.55601923032361,11.788250554424506,-19.858407162839192,31.449341423274422
959,2.4304891776194752,4.579269314243341,9.87300417837107,-9.8791028664438
960,6.725432462195513,-24.837979042629748,-3.7426863300153177,50.31356819927606
961,-7.450787222000123,7.268735052745022,-19.87909906637357,12.441174690382487
962,8.387212281652094,-21.682621560793798,-6.589404407816767,47.06826827496578
963,-17.50219930646071,-16.100295360612673,-19.53972535359111,40.26501867313245
964,16.777062842611244,4.597080120127746,15.894773696336651,-11.863049208567658
965,0.9045847053161671,7.8975460141820015,7.024785684866451,-9.56880909771075
966,2.0390598479406306,-3.9161436482578007,-18.73426184019275,13.570500306621668
967,17.433133084562286,-3.1541671392809927,33.101663085457815,-1.0251566540237231
968,-29.152651633589624,10.374574757745435,-58.93366354988571,3.1633185693975396
969,4.702007714729098,-15.918002822843178,-16.89695670521536,14.73854474107282
970,14.706400045602901,0.45946940163662164,21.27117207263567,-9.964608887961997
971,19.95532463575744,-4.375004144175591,31.180242972428772,-10.213092826671916
972,16.90079225217697,-3.7896573820322135,31.071240892120883,-3.9446918526455024
973,-2.342086845507467,-9.985190082357178,4.039811571655385,-6.847709702341119
974,19.459385735111887,13.369647746587237,-16.37997783928768,34.907486826836625
975,-2.1351637058238238,15.200417443414224,2.8640545825550614,-31.304309804734014
976,11.88898035541462,15.867119536990558,-15.974245738675437,24.458130504180676
977,-22.527225209043443,8.800736826598824,-27.643007229556204,23.862633498274143
978,-1.4513812809214128,0.953008850415356,10.948179765178592,6.733969503195962
979,-0.5330993388434804,-5.34099398676398,2.013010874539388,-4.708048302607492
980,-11.741240540336886,9.03876434691132,7.675666089807899,-30.65921591454131
981,3.4204310655001597,3.4681748593395914,-13.404494668666535,22.268562274651412
982,13.91937957356119,16.360878412918694,-16.7481192234578,36.52432575800543
983,5.871095658437997,5.520086758690219,-14.78910311123716,10.560289248367217
984,-4.4339568266546285,16.82682970937364,3.2519232183587388,-31.32648162666663
985,14.614661566713984,9.742212744257078,-7.3974654085479665,23.89063511154912
986,20.521592744905487,3.830937061022191,28.533456027938037,-11.027983074892562
987,12.56763147809868,-6.14230829968059,-11.446521457131745,38.45230807211484
988,-7.164646563925377,-11.642885639750379,20.80477594648302,-10.7324094716255
989,-3.614132427825819,-4.68603305513162,14.481155256173304,-20.95189774296099
990,-3.84697075921434,14.314754396233294,-23.916996313135343,15.949386584263818
991,-27.137904281026707,-1.4955362463124895,-38.306825208086586,23.3912539864781
992,18.464783846422954,16.1635348332344,-36.096041717976654,15.278449346096897
993,-21.65450041186484,7.12853183989143,-24.30990231854642,12.236519075600125
994,-0.023110404555876762,-8.048879016808389,-26.146022221399313,21.488542998302023
995,-24.249269172398677,3.6414202267613764,-24.889097261738506,15.88870524946998
996,-12.917992930547982,-1.1770143041566246,27.40716162790705,-4.240170107976925
997,-27.46140514302789,5.938387608103222,-21.420103493786712,24.8091209768615
998,-8.662018344996593,14.789640494957276,19.978360928844815,-14.863923723442303
999,18.951598453050696,10.771706128070354,-21.48613283374933,27.73324621942076
1000,-0.9173932320154772,2.977418870491079,4.330500289860508,-7.83992743180531
